calle,calle filtrada,calle filtrada2,fiabilidad,gender,wikipedia
Adela Speratti,Adela Speratti,,1.0,Female,https://es.wikipedia.org/wiki/Adela_y_Celsa_Speratti
Adela Speratti,Adela Speratti,,1.0,Female,https://es.wikipedia.org/wiki/Adela_y_Celsa_Speratti
Ana Díaz,Ana Díaz,,1.0,Female,https://es.wikipedia.org/wiki/Ana_D%C3%ADaz
Avenida Santa Teresa,Santa Teresa,,1.0,Female,https://es.wikipedia.org/wiki/Teresa_de_Jes%C3%BAs
Avenida Stella Maris,Stella Maris,,1.0,Female,https://es.wikipedia.org/wiki/Stella_Maris
Calle Adela Speratti,Adela Speratti,,1.0,Female,https://es.wikipedia.org/wiki/Adela_y_Celsa_Speratti
Calle Elsa Escalante,Elsa Escalante,,1.0,Female,
Calle María Felicidad González,María Felicidad González,,1.0,Female,https://es.wikipedia.org/wiki/Mar%C3%ADa_Felicidad_Gonz%C3%A1lez
callejon Branislava Susnik,jon Branislava Susnik,,1.0,Female,https://sl.wikipedia.org/wiki/Branislava_Su%C5%A1nik
Candelaria,Candelaria,,1.0,Female,
Casilda Insaurralde,Casilda Insaurralde,,1.0,Female,
Celsa Esperati,Celsa Esperati,,1.0,Female,https://es.wikipedia.org/wiki/Adela_y_Celsa_Speratti
Celsa Speratti,Celsa Speratti,,1.0,Female,https://es.wikipedia.org/wiki/Adela_y_Celsa_Speratti
Celsa Speratti,Celsa Speratti,,1.0,Female,https://es.wikipedia.org/wiki/Adela_y_Celsa_Speratti
Colonia Elisa,Colonia Elisa,,1.0,Female,
Damas Argentinas,Damas Argentinas,,1.0,Female,
Elena de Garcia,Elena de Garcia,,1.0,Female,
Elsa Escalante,Elsa Escalante,,1.0,Female,
Emigdia Reisofer,Emigdia Reisofer,,1.0,Female,
Enfermera Mariela Carnevale,Enfermera Mariela Carnevale,,1.0,Female,
Enfermeras del Chaco,Enfermeras del Chaco,,1.0,Female,
Esperanza Fernandina,Esperanza Fernandina,,1.0,Female,
Fatima Milagros,Fatima Milagros,,1.0,Female,
Francisca Torres,Francisca Torres,,1.0,Female,
Gabriela Mistral,Gabriela Mistral,,1.0,Female,https://es.wikipedia.org/wiki/Gabriela_Mistral
Haydee Santamaría,Haydee Santamaría,,1.0,Female,https://es.wikipedia.org/wiki/Hayd%C3%A9e_Santamar%C3%ADa
Josefa Barbero de Repetto,Josefa Barbero de Repetto,,1.0,Female,
Juana de Lara,Juana de Lara,,1.0,Female,https://es.wikipedia.org/wiki/Juana_de_Lara
Juana de Lara,Juana de Lara,,1.0,Female,https://es.wikipedia.org/wiki/Juana_de_Lara
Juana María de Lara,Juana María de Lara,,1.0,Female,https://es.wikipedia.org/wiki/Juana_de_Lara
Juana Pabla Carillo de López,Juana Pabla Carillo de López,,1.0,Female,
madre Eugenia Ravasco,madre Eugenia Ravasco,,1.0,Female,https://it.wikipedia.org/wiki/Eugenia_Ravasco
Madre Teresa de Calcuta,Madre Teresa de Calcuta,,1.0,Female,https://es.wikipedia.org/wiki/Teresa_de_Calcuta
Madre Teresa de Calcuta,Madre Teresa de Calcuta,,1.0,Female,https://es.wikipedia.org/wiki/Teresa_de_Calcuta
María Auxiliadora,María Auxiliadora,,1.0,Female,https://es.wikipedia.org/wiki/Mar%C3%ADa_Auxiliadora
María Auxiliadora,María Auxiliadora,,1.0,Female,https://es.wikipedia.org/wiki/Mar%C3%ADa_Auxiliadora
María Auxliadora,María Auxliadora,,1.0,Female,https://es.wikipedia.org/wiki/Mar%C3%ADa_Auxiliadora
Mary Lyons,Mary Lyons,,1.0,Female,https://es.wikipedia.org/wiki/Mary_Mason_Lyon
Máxima Lugo,Máxima Lugo,,1.0,Female,https://gn.wikipedia.org/wiki/M%C3%A1xima_Lugo
Nathalie Bruel,Nathalie Bruel,,1.0,Female,
Pancha Garmendia,Pancha Garmendia,,1.0,Female,
Pancha Garmendia,Pancha Garmendia,,1.0,Female,
Pasaje Santa Ana,Santa Ana,,1.0,Female,https://es.wikipedia.org/wiki/Ana_(madre_de_Mar%C3%ADa)
Pasaje Santa Ana,Santa Ana,,1.0,Female,https://es.wikipedia.org/wiki/Ana_(madre_de_Mar%C3%ADa)
Pastora Cépedes,Pastora Cépedes,,1.0,Female,
Pastora Céspedes,Pastora Céspedes,,1.0,Female,
Profesora Lidia Recalde Hermosa,Profesora Lidia Recalde Hermosa,,1.0,Female,
Profesora Silvia Enciso,Profesora Silvia Enciso,,1.0,Female,
Sandra Rosalia,Sandra Rosalia,,1.0,Female,
Santa Ana,Santa Ana,,1.0,Female,https://es.wikipedia.org/wiki/Ana_(madre_de_Mar%C3%ADa)
Santa Catalina,Santa Catalina,,1.0,Female,https://es.wikipedia.org/wiki/Catalina_de_Siena
Santa Lucía,Santa Lucía,,1.0,Female,https://es.wikipedia.org/wiki/Luc%C3%ADa_de_Siracusa
Santa Lucía,Santa Lucía,,1.0,Female,https://es.wikipedia.org/wiki/Luc%C3%ADa_de_Siracusa
Santa Teresa,Santa Teresa,,1.0,Female,https://es.wikipedia.org/wiki/Teresa_de_Jes%C3%BAs
Teresa Lamas Caríssimo,Teresa Lamas Caríssimo,,1.0,Female,
Teresa Lamas Caríssimo,Teresa Lamas Caríssimo,,1.0,Female,
Villa Adela,Adela,,1.0,Female,
Viuda de las Llanas,Viuda de las Llanas,,1.0,Female,
Anahi,Anahi,,0.99,Female,
Avenida Rosa Shipper,Rosa Shipper,,0.99,Female,
Blanca Romero de Viola,Blanca Romero de Viola,,0.99,Female,
Calle Anahi,Anahi,,0.99,Female,
colectora nor-oeste Madame Elisa Alicia Lynch - Mariscal Francisco Solano López,colectora nor-oeste Madame Elisa Alicia Lynch - Mariscal Francisco Solano López,,0.99,Female,https://es.wikipedia.org/wiki/Elisa_Alicia_Lynch
Colectora sur-oeste madame Elisa Alicia Lynch - Avenida Aviadores del Chaco,Colectora sur-oeste madame Elisa Alicia Lynch -  Aviadores Chaco,,0.99,Female,https://es.wikipedia.org/wiki/Elisa_Alicia_Lynch
Dolores Vera,Dolores Vera,,0.99,Female,
Dolores Vera,Dolores Vera,,0.99,Female,
India Juliana,India Juliana,,0.99,Female,
Isabel la Católica,Isabel la Católica,,0.99,Female,https://es.wikipedia.org/wiki/Isabel_I_de_Castilla
Julia Miranda Cueto,Julia Miranda Cueto,,0.99,Female,
Julia Miranda Cueto,Julia Miranda Cueto,,0.99,Female,
Juliana Insfrán de Martínez,Juliana Insfrán de Martínez,,0.99,Female,
Loma Valentina,Loma Valentina,,0.99,Female,
Madame Elisa A. Lynch,Madame Elisa  Lynch,,0.99,Female,https://es.wikipedia.org/wiki/Elisa_Alicia_Lynch
Madame Elisa Alicia Linch,Madame Elisa Alicia Linch,,0.99,Female,https://es.wikipedia.org/wiki/Elisa_Alicia_Lynch
madame Elisa Alicia Lynch,madame Elisa Alicia Lynch,,0.99,Female,https://es.wikipedia.org/wiki/Elisa_Alicia_Lynch
Madame Elisa Alicia Lynch,Madame Elisa Alicia Lynch,,0.99,Female,https://es.wikipedia.org/wiki/Elisa_Alicia_Lynch
Marcelina Insfran,Marcelina Insfran,,0.99,Female,
Maria Felicidad Gonzalez,Maria Felicidad Gonzalez,,0.99,Female,https://es.wikipedia.org/wiki/Mar%C3%ADa_Felicidad_Gonz%C3%A1lez
Maria Felicidad Gonzalez,Maria Felicidad Gonzalez,,0.99,Female,https://es.wikipedia.org/wiki/Mar%C3%ADa_Felicidad_Gonz%C3%A1lez
María Julia Vda.,María Julia Vda.,,0.99,Female,
Marie Curie,Marie Curie,,0.99,Female,https://es.wikipedia.org/wiki/Marie_Curie
Mary Lions,Mary Lions,,0.99,Female,https://es.wikipedia.org/wiki/Mary_Mason_Lyon
Nieve A. Vera C.,Nieve  Vera C.,,0.99,Female,
Profesora Catalina de Dominguez,Profesora Catalina de Dominguez,,0.99,Female,
Profesora Delia Frutos de González,Profesora Delia Frutos de González,,0.99,Female,
Profesora Felicia González,Profesora Felicia González,,0.99,Female,
Rafaela Machain de Guanes,Rafaela Machain de Guanes,,0.99,Female,
Ramona Martinez,Ramona Martinez,,0.99,Female,
Rita Surroca de Benitez,Rita Surroca de Benitez,,0.99,Female,
Rocio Cabriza,Rocio Cabriza,,0.99,Female,
Rosa A. González,Rosa  González,,0.99,Female,
Rosa Peña,Rosa Peña,,0.99,Female,
Rosa Ventre,Rosa Ventre,,0.99,Female,
Sor Maria Clotilde de León,Sor Maria Clotilde de León,,0.99,Female,
Avenida Santa Rosa,Santa Rosa,,0.98,Female,https://es.wikipedia.org/wiki/Rosa_de_Lima_(santa)
Dora Gómez Bueno de Acuña,Dora Gómez Bueno de Acuña,,0.98,Female,https://es.wikipedia.org/wiki/Dora_G%C3%B3mez_Bueno_de_Acu%C3%B1a
Santa Rosa,Santa Rosa,,0.98,Female,https://es.wikipedia.org/wiki/Rosa_de_Lima_(santa)
Santa Rosa,Santa Rosa,,0.98,Female,https://es.wikipedia.org/wiki/Rosa_de_Lima_(santa)
Profesora Carmen Garcete,Profesora Carmen Garcete,,0.95,Female,
Arsenia O. de González,Arsenia O. de González,,0.93,Female,
Melchora Melgarejo de Caballero,Melchora Melgarejo de Caballero,,0.92,Female,
Santa Margarita de Youville,Santa Margarita de Youville,,0.9,Female,https://es.wikipedia.org/wiki/Maria_Margarita_de_Youville
Adella Bello de Riart,Adella Bello de Riart,,0.89,Female,
Petrona de Leoz,Petrona de Leoz,,0.89,Female,
Calle Santa Carolina,Santa Carolina,,0.88,Female,
Mencia de Sanabria,Mencia de Sanabria,,0.88,Female,https://es.wikipedia.org/wiki/Mencia_Calder%C3%B3n
Virgen de Fatima,Virgen de Fatima,,0.87,Female,https://es.wikipedia.org/wiki/Virgen_de_F%C3%A1tima
L. Valentina,L. Valentina,,0.82,Female,
Pasaje Santa María,Santa María,,0.74,Female,https://es.wikipedia.org/wiki/Santa_Mar%C3%ADa
Doña C. Casco De Lara C.,Doña  Casco De Lara C.,,0.73,Female,https://es.wikipedia.org/wiki/Carmen_Casco_de_Lara_Castro
Virgen del Pilar,Virgen del Pilar,,0.72,Female,
Nuestra Señora del Pilar,Nuestra Señora del Pilar,,0.68,Female,https://es.wikipedia.org/wiki/Virgen_del_Pilar
Virgen de Fátima,Virgen de Fátima,,0.6,Female,https://es.wikipedia.org/wiki/Virgen_de_F%C3%A1tima
Virgen de la Medadalla Milagrosa,Virgen de la Medadalla Milagrosa,,0.59,Female,
Virgen de Caacupe,Virgen de Caacupe,,0.58,Female,https://es.wikipedia.org/wiki/Virgen_de_Caacup%C3%A9
Clotilde Galeano,Clotilde Galeano,,0.5,Female,
Enriqueta Gómez Sánchez,Enriqueta Gómez Sánchez,,0.5,Female,
Mencia Calderon,Mencia Calderon,,0.5,Female,https://es.wikipedia.org/wiki/Mencia_Calder%C3%B3n
Profesora Ilda Morales,Profesora Ilda Morales,,0.5,Female,
Serafina Dávalos,Serafina Dávalos,,0.5,Female,https://es.wikipedia.org/wiki/Serafina_D%C3%A1valos
Profesora Agripina Burgos,Profesora Agripina Burgos,,0.49,Female,
Concepcion Leyes de Chavez,Concepcion Leyes de Chavez,,0.48,Female,https://es.wikipedia.org/wiki/Concepci%C3%B3n_Leyes_de_Chaves
Branislava Susnik,Branislava Susnik,,0.47,Female,https://sl.wikipedia.org/wiki/Branislava_Su%C5%A1nik
Carmen Casco de Lara Castro,Carmen Casco de Lara Castro,,0.47,Female,https://es.wikipedia.org/wiki/Carmen_Casco_de_Lara_Castro
Carmen Soler,Carmen Soler,,0.47,Female,https://es.wikipedia.org/wiki/Carmen_Soler
Gudelia Torres,Gudelia Torres,,0.47,Female,
Nima Candia,Nima Candia,,0.45,Female,
Cantalicia Lugo,Cantalicia Lugo,,0.42,Female,
Nuestra Señora del Carmen,Nuestra Señora del Carmen,,0.41,Female,https://es.wikipedia.org/wiki/Virgen_del_Carmen
Nuestra Señora del Carmen,Nuestra Señora del Carmen,,0.41,Female,https://es.wikipedia.org/wiki/Virgen_del_Carmen
Mujer en la Conquista,Mujer en la Conquista,,0.39,Female,
Ercilia López de Blomberg,Ercilia López de Blomberg,,0.36,Female,https://es.wikipedia.org/wiki/Ercilia_L%C3%B3pez_de_Blomberg
Lorenza Valdez de Martinez,Lorenza Valdez de Martinez,,0.33,Female,
Virgen del Rosario,Virgen del Rosario,,0.29,Female,https://es.wikipedia.org/wiki/Virgen_del_Rosario
Virgen de Caacupé,Virgen de Caacupé,,0.26,Female,https://es.wikipedia.org/wiki/Virgen_de_Caacup%C3%A9
Ayala Candia,Ayala Candia,,-1.0,Male,
Ayala Candia,Ayala Candia,,-1.0,Male,
Adolfo Riquelme,Adolfo Riquelme,,-1.0,Male,
Agustin Barrios,Agustin Barrios,,-1.0,Male,
Agustín Barrios,Agustín Barrios,,-1.0,Male,
Agustín Pío Barrios,Agustín Pío Barrios,,-1.0,Male,
Agustín Ruíz,Agustín Ruíz,,-1.0,Male,
Alberdi,Alberdi,,-1.0,Male,
Alejandro Villamayor,Alejandro mayor,,-1.0,Male,
Alexis Boggino,Alexis Boggino,,-1.0,Male,
Alfredo Seiferheld,Alfredo Seiferheld,,-1.0,Male,
Ángel Iribas,Ángel Iribas,,-1.0,Male,
Avenida Artigas,Artigas,,-1.0,Male,
Avenida Artigas,Artigas,,-1.0,Male,
Avenida Chóferes del Chaco,Chóferes Chaco,,-1.0,Male,
Avenida Eduardo Vasconcellos,Eduardo Vasconcellos,,-1.0,Male,
Avenida Pedro Bruno Guggiari,Pedro Bruno Guggiari,,-1.0,Male,
Benitez Vera,Benitez Vera,,-1.0,Male,
Benitez Vera,Benitez Vera,,-1.0,Male,
Benito Vargas,Benito Vargas,,-1.0,Male,
Benjamin Aceval,Benjamin Aceval,,-1.0,Male,
Benjamín Balansá,Benjamín Balansá,,-1.0,Male,
Benjamín Constant,Benjamín Constant,,-1.0,Male,
Benjamín González,Benjamín González,,-1.0,Male,
Blás Garay,Blás Garay,,-1.0,Male,
Blás Garay,Blás Garay,,-1.0,Male,
Cacique Kara Kara,Cacique Kara Kara,,-1.0,Male,
cadete Ortiz Molina,cadete Ortiz Molina,,-1.0,Male,
Cadete Sisa,Cadete Sisa,,-1.0,Male,
Calle Capitan Montiel,Capitan Montiel,,-1.0,Male,
Calle Capitán Montiel,Capitán Montiel,,-1.0,Male,
Calle Carios,Carios,,-1.0,Male,
Calle Cnel. Benza Carrera,Cnel. Benza Carrera,,-1.0,Male,
Calle Coronel Francisco Martínez,Coronel Francisco Martínez,,-1.0,Male,
Calle Muñoz,Muñoz,,-1.0,Male,
Calle Muñoz,Muñoz,,-1.0,Male,
Calle Profesor Milclades de la Paz Gimenez,Profesor Milclades Paz Gimenez,,-1.0,Male,
Calle Te. Zenteno,Te. Zenteno,,-1.0,Male,
Calle Teniente Héctor Vera,Teniente Héctor Vera,,-1.0,Male,
Calle Villa Hayes,Villa Hayes,,-1.0,Male,
Capitán Alfonso del Puerto,Capitán Alfonso del,,-1.0,Male,
Capitán Anton de Luque,Capitán Anton de Luque,,-1.0,Male,
Capitán Antonio Montiel,Capitán Antonio Montiel,,-1.0,Male,
Capitán Aparicio Figari,Capitán Aparicio Figari,,-1.0,Male,
Capitan Atilio Ibañez Rojas,Capitan Atilio Ibañez Rojas,,-1.0,Male,
Capitan Aviación Arnaldo Zayas,Capitan iación Arnaldo Zayas,,-1.0,Male,
Capitán Blas Montiel,Capitán Blas Montiel,,-1.0,Male,
Capitan de Marina Domingo Antonio Ortiz,Capitan de Marina Domingo Antonio Ortiz,,-1.0,Male,
Capitán de Marina Domingo Antonio Ortiz,Capitán de Marina Domingo Antonio Ortiz,,-1.0,Male,
Capitán de Marina Domingo Antonio Ortiz,Capitán de Marina Domingo Antonio Ortiz,,-1.0,Male,
Capitán Doctor Patricio Maciel,Capitán Doctor Patricio Maciel,,-1.0,Male,
Capitán Emeterio Miranda,Capitán Emeterio Miranda,,-1.0,Male,
Capitán Emilio Nudelmann,Capitán Emilio Nudelmann,,-1.0,Male,
Capitan Leguizamon,Capitan Leguizamon,,-1.0,Male,
Capitán Patricio Oviedo,Capitán Patricio Oviedo,,-1.0,Male,
Capitán Pedro Favio Martinez,Capitán Pedro Favio Martinez,,-1.0,Male,
Capitán Pedro Martinez,Capitán Pedro Martinez,,-1.0,Male,
Capitán Rogelio Fiore Corrales,Capitán Rogelio Fiore Corrales,,-1.0,Male,
Cardenal Jorge Mario Bergoglio,Cardenal Jorge Mario Bergoglio,,-1.0,Male,
Cardenal Roig,Cardenal Roig,,-1.0,Male,
Carlos Jiménez,Carlos Jiménez,,-1.0,Male,
Cnel. Panchito  Lopez,Cnel. Panchito  Lopez,,-1.0,Male,
Cnel. Panchito Lopez,Cnel. Panchito Lopez,,-1.0,Male,
Cnel. Panchito López,Cnel. Panchito López,,-1.0,Male,
Comandante Benitez,Comandante Benitez,,-1.0,Male,
Comandante Cabañas,Comandante Cabañas,,-1.0,Male,
Concejal Verisimo Vargas,Concejal Verisimo Vargas,,-1.0,Male,
Coronel Abdón Palacios,Coronel Abdón Palacios,,-1.0,Male,
Coronel Ángel Moreno,Coronel Ángel Moreno,,-1.0,Male,
Coronel Benitez,Coronel Benitez,,-1.0,Male,
Coronel Bogado,Coronel Bogado,,-1.0,Male,
Coronel Bogado,Coronel Bogado,,-1.0,Male,
Coronel Dionisio Lirio,Coronel Dionisio Lirio,,-1.0,Male,
Coronel Espíritu Aranda,Coronel Espíritu Aranda,,-1.0,Male,
Coronel Eulalio Facetti,Coronel Eulalio Facetti,,-1.0,Male,
Coronel Felipe Toledo,Coronel Felipe Toledo,,-1.0,Male,
Coronel Felipe Toledo,Coronel Felipe Toledo,,-1.0,Male,
Coronel Francisco Martínez,Coronel Francisco Martínez,,-1.0,Male,
Coronel Igor Orangereieff,Coronel Igor Orangereieff,,-1.0,Male,
Coronel Jorge Butleroff,Coronel Jorge Butleroff,,-1.0,Male,
Coronel Manuel José Montiel,Coronel Manuel José Montiel,,-1.0,Male,
Coronel Martínez,Coronel Martínez,,-1.0,Male,
Coronel Melgarejo,Coronel Melgarejo,,-1.0,Male,
Coronel Morales,Coronel Morales,,-1.0,Male,
Coronel Oviedo,Coronel Oviedo,,-1.0,Male,
Coronel Panchito  Lopez,Coronel Panchito  Lopez,,-1.0,Male,
Coronel Panchito Lopez,Coronel Panchito Lopez,,-1.0,Male,
Coronel Panchito López,Coronel Panchito López,,-1.0,Male,
Coronel Rafael de la Cruz Franco,Coronel Rafael de la Cruz Franco,,-1.0,Male,
Coronel Rafael Franco,Coronel Rafael Franco,,-1.0,Male,
Coronel Rafael Franco,Coronel Rafael Franco,,-1.0,Male,
Coronel Ramón Díaz,Coronel Ramón Díaz,,-1.0,Male,
Coronel Romero,Coronel Romero,,-1.0,Male,
Cristobal Colón,Cristobal Colón,,-1.0,Male,
Diego de Silva y Velázquez,Diego de Silva y Velázquez,,-1.0,Male,
Doctor Alejandro Davalos,Doctor Alejandro Davalos,,-1.0,Male,
Doctor Andrés Gubetich,Doctor Andrés Gubetich,,-1.0,Male,
Doctor Antonio Bestard,Doctor Antonio Bestard,,-1.0,Male,
Doctor Arturo Weiss,Doctor Arturo Weiss,,-1.0,Male,
Doctor Cesar Garay,Doctor Cesar Garay,,-1.0,Male,
Doctor Claudio Prieto,Doctor Claudio Prieto,,-1.0,Male,
Doctor Dionisio González Torres,Doctor Dionisio González Torres,,-1.0,Male,
Doctor Eusebio Lillo Robles,Doctor Eusebio Lillo Robles,,-1.0,Male,
Doctor Eusebio Lillo Robles,Doctor Eusebio Lillo Robles,,-1.0,Male,
Doctor Fernando Abente Haedo,Doctor Fernando Abente Haedo,,-1.0,Male,
Doctor Gustavo Gonzales,Doctor Gustavo Gonzales,,-1.0,Male,
Doctor Justo Prieto,Doctor Justo Prieto,,-1.0,Male,
Doctor Leandro Prieto,Doctor Leandro Prieto,,-1.0,Male,
Doctor Miguel Torres,Doctor Miguel Torres,,-1.0,Male,
Domingo Martínez de Irala,Domingo Martínez de Irala,,-1.0,Male,
Domingo Matheu,Domingo Matheu,,-1.0,Male,
Domingo Portillo,Domingo Portillo,,-1.0,Male,
Domingo Portillo,Domingo Portillo,,-1.0,Male,
Domingo Savio,Domingo Savio,,-1.0,Male,
Eduardo Victor Haedo,Eduardo Victor Haedo,,-1.0,Male,
Elgio Ayala,Elgio Ayala,,-1.0,Male,
Emeterio Miranda,Emeterio Miranda,,-1.0,Male,
Eugenio A. Garay,Eugenio  Garay,,-1.0,Male,
Eugenio A. Garay,Eugenio  Garay,,-1.0,Male,
Felioe Gonzalez,Felioe Gonzalez,,-1.0,Male,
Félix Bogado,Félix Bogado,,-1.0,Male,
Fernando de Magallanes,Fernando de Magallanes,,-1.0,Male,
Fernando de Mompox y Zayas,Fernando de Mompox y Zayas,,-1.0,Male,
Fernando Leri,Fernando Leri,,-1.0,Male,
Florencio VIllamayor,Florencio VIllamayor,,-1.0,Male,
Fulgencio Yegros (Facunda Speratti),Fulgencio Yegros (Facunda Speratti),,-1.0,Male,
General Jorge Washington,General Jorge Washington,,-1.0,Male,
General Luis Santiviago,General Luis Santiviago,,-1.0,Male,
General Manuel Britez Borges,General Manuel Britez Borges,,-1.0,Male,
General Manuel Brítez Borges,General Manuel Brítez Borges,,-1.0,Male,
George Washington,George Washington,,-1.0,Male,
Ignacio A. Pane,Ignacio  Pane,,-1.0,Male,
indio Francisco,indio Francisco,,-1.0,Male,
Indio Francisco,Indio Francisco,,-1.0,Male,
ingeniero Albino Merles,ingeniero Albino Merles,,-1.0,Male,
Isaac Kostianovsky,Isaac Kostianovsky,,-1.0,Male,
Isaac Kostianovsky,Isaac Kostianovsky,,-1.0,Male,
Javier Bogarín,Javier Bogarín,,-1.0,Male,
Joan De Salazar,Joan De Salazar,,-1.0,Male,
Jorge Lobito Martinez,Jorge Lobito Martinez,,-1.0,Male,
Juan José Paso,Juan José,,-1.0,Male,
Juez Enrique Pinho,Juez Enrique Pinho,,-1.0,Male,
juez Enrique Pinho,juez Enrique Pinho,,-1.0,Male,
Lara Castro,Lara Castro,,-1.0,Male,
Leandro Alem,Leandro Alem,,-1.0,Male,
Manuel Villa,Manuel,,-1.0,Male,
Martin de Goicoechea Menendez,Martin de Goicoechea Menendez,,-1.0,Male,
Martin Fierro,Martin Fierro,,-1.0,Male,
Mayor José Rosa Aranda,Mayor José Rosa Aranda,,-1.0,Male,
Melo de Portugal,Melo de Portugal,,-1.0,Male,
Miguel Ángel Rigual,Miguel Ángel Rigual,,-1.0,Male,
Miguel de Cervantes Saavedra,Miguel de Cervantes Saavedra,,-1.0,Male,
Muñoz,Muñoz,,-1.0,Male,
Nicolas Avellaneda,Nicolas ellaneda,,-1.0,Male,
Obispo Basilio López,Obispo Basilio López,,-1.0,Male,
Obispo Marco Antonio Maíz,Obispo Marco Antonio Maíz,,-1.0,Male,
Oficial Mendez,Oficial Mendez,,-1.0,Male,
Optaciano Carvallo,Optaciano Carvallo,,-1.0,Male,
Oscar Aguilera,Oscar Aguilera,,-1.0,Male,
Oscar Cardozo Ocampo,Oscar Cardozo Ocampo,,-1.0,Male,
Pablo Alborno,Pablo Alborno,,-1.0,Male,
Pablo Alborno,Pablo Alborno,,-1.0,Male,
Pablo de la Cruz Gomez,Pablo de la Cruz Gomez,,-1.0,Male,
Pablo Max Ynsfran,Pablo Max Ynsfran,,-1.0,Male,
Pai Pérez,Pai Pérez,,-1.0,Male,
Pasaje Capitán Arturo Battilana de Gasperi,Capitán Arturo Battilana Gasperi,,-1.0,Male,
Patricio Colman,Patricio Colman,,-1.0,Male,
Pedro Ciancio,Pedro Ciancio,,-1.0,Male,
Pedro Getto,Pedro Getto,,-1.0,Male,
Pedro J. Cab,Pedro J. Cab,,-1.0,Male,
Pietro Getto,Pietro Getto,,-1.0,Male,
Presbiterio Molas,Presbiterio Molas,,-1.0,Male,
Presbítero Felipe Santiago León,Presbítero Felipe Santiago León,,-1.0,Male,
Presbítero Justo Román,Presbítero Justo Román,,-1.0,Male,
Presidente Manuel Franco,Presidente Manuel Franco,,-1.0,Male,
Presidente Rutherford Birchard Hayes,Presidente Rutherford Birchard Hayes,,-1.0,Male,
Prócer Agustín Yegros,Prócer Agustín Yegros,,-1.0,Male,
Prócer Agustín Yegros,Prócer Agustín Yegros,,-1.0,Male,
procer Blas Domingo Franco,procer Blas Domingo Franco,,-1.0,Male,
Procer Francisco Gonzalez,Procer Francisco Gonzalez,,-1.0,Male,
prócer Mariano Molas,prócer Mariano Molas,,-1.0,Male,
Prof. Dr. Victorio Curiel,Prof. Dr. Victorio Curiel,,-1.0,Male,
Prof.Dr Victorio Curiel,Prof.Dr Victorio Curiel,,-1.0,Male,
Profedor Doctor Victorino Curiel,Profedor Doctor Victorino Curiel,,-1.0,Male,
Profesor Alberto Bonifacio Cáceres,Profesor Alberto Bonifacio Cáceres,,-1.0,Male,
Profesor Cesar Samaniego,Profesor Cesar Samaniego,,-1.0,Male,
Profesor Cesar Vasconcellos,Profesor Cesar Vasconcellos,,-1.0,Male,
profesor Cesar Vasconcellos,profesor Cesar Vasconcellos,,-1.0,Male,
Profesor Cesar Vasconcellos,Profesor Cesar Vasconcellos,,-1.0,Male,
Profesor Doctor Victorio Curiel,Profesor Doctor Victorio Curiel,,-1.0,Male,
Ricardo Boettner,Ricardo Boettner,,-1.0,Male,
Ricardo Marreco Marengo,Ricardo Marreco Marengo,,-1.0,Male,
Rigoberto Caballero,Rigoberto Caballero,,-1.0,Male,
Robustiano Vera,Robustiano Vera,,-1.0,Male,
Roque Centurión Miranda,Roque Centurión Miranda,,-1.0,Male,
Ruta General Aquino,Ruta General Aquino,,-1.0,Male,
Ruta Mariscal Estigarribia,Ruta Mariscal Estigarribia,,-1.0,Male,
San Nicolas,San Nicolas,,-1.0,Male,
Santiago,Santiago,,-1.0,Male,
Santiago de Liniers,Santiago de Liniers,,-1.0,Male,
Santiago Leguizamon,Santiago Leguizamon,,-1.0,Male,
Santiago Leguizamón,Santiago Leguizamón,,-1.0,Male,
Santiago Maximo Leguizamon Zavan,Santiago Maximo Leguizamon Zavan,,-1.0,Male,
santo Tomas,santo Tomas,,-1.0,Male,
Sargento Silva,Sargento Silva,,-1.0,Male,
Sgto. Silva,Sgto. Silva,,-1.0,Male,
Soldado Ricardo Roman,Soldado Ricardo Roman,,-1.0,Male,
soldado Ricardo Roman,soldado Ricardo Roman,,-1.0,Male,
Stgo. Castro,Stgo. Castro,,-1.0,Male,
Te. Cnel. F. Smith,Te. Cnel. F. Smith,,-1.0,Male,
Teniente Ayala,Teniente Ayala,,-1.0,Male,
Teniente Bernardino Morales,Teniente Bernardino Morales,,-1.0,Male,
Teniente Coronel Isaías Jara Pastore,Teniente Coronel Isaías Jara Pastore,,-1.0,Male,
Teniente Francisco Cusmanich,Teniente Francisco Cusmanich,,-1.0,Male,
Teniente Gadea,Teniente Gadea,,-1.0,Male,
Teniente Héctor Vera,Teniente Héctor Vera,,-1.0,Male,
Teniente Héctor Vera,Teniente Héctor Vera,,-1.0,Male,
Teniente Pedro Kriskovich,Teniente Pedro Kriskovich,,-1.0,Male,
Teniente Primero Eduvigis Martinez,Teniente Primero Eduvigis Martinez,,-1.0,Male,
Teniente Rojas Silva,Teniente Rojas Silva,,-1.0,Male,
Teniente Rojas Silva,Teniente Rojas Silva,,-1.0,Male,
Tomas Herrera,Tomas Herrera,,-1.0,Male,
Tomás Ozuna,Tomás Ozuna,,-1.0,Male,
Tomas Rojas,Tomas Rojas,,-1.0,Male,
Ulrich Schmiedl,Ulrich Schmiedl,,-1.0,Male,
Vicente Duarte,Vicente Duarte,,-1.0,Male,
Vicente Flores,Vicente Flores,,-1.0,Male,
Vicente Ignacio Iturbe,Vicente Ignacio Iturbe,,-1.0,Male,
Vicente Ignacio Iturbe Dominguez,Vicente Ignacio Iturbe Dominguez,,-1.0,Male,
Vicente Iturbe,Vicente Iturbe,,-1.0,Male,
Vicente Yanez Pinzón,Vicente Yanez Pinzón,,-1.0,Male,
Vicepresidente Domingo Sánchez,Vicepresidente Domingo Sánchez,,-1.0,Male,
Víctor Abente Haedo,Víctor Abente Haedo,,-1.0,Male,
Victor Hugo,Victor Hugo,,-1.0,Male,
Walt Disney,Walt Disney,,-1.0,Male,
Wenceslao Lopez,Wenceslao Lopez,,-1.0,Male,
Wenceslao López,Wenceslao López,,-1.0,Male,
Agusto Ruíz,Agusto Ruíz,,-0.99,Male,
Albert Sabin,Albert Sabin,,-0.99,Male,
Avenida Carlos Antonio Lopez,Carlos Antonio Lopez,,-0.99,Male,
Avenida Carlos Antonio López,Carlos Antonio López,,-0.99,Male,
Avenida Juan Manuel Maraña,Juan Manuel Maraña,,-0.99,Male,
Avenida Juan Pablo II,Juan Pablo II,,-0.99,Male,
Avenida Teniente Etienne,Teniente Etienne,,-0.99,Male,
Bonifacio Caballero,Bonifacio Caballero,,-0.99,Male,
Calle Doctor Molinas,Doctor Molinas,,-0.99,Male,
Calle Juan Leopardi,Juan Leopardi,,-0.99,Male,
Capitán Albino Maciel,Capitán Albino Maciel,,-0.99,Male,
Capitán Arturo Battilana de Gasperi,Capitán Arturo Battilana de Gasperi,,-0.99,Male,
Capitán Juan Valeriano,Capitán Juan Valeriano,,-0.99,Male,
Carlos A. Lopez,Carlos  Lopez,,-0.99,Male,
Carlos Alberto Gomez,Carlos Alberto Gomez,,-0.99,Male,
Carlos Antonio López,Carlos Antonio López,,-0.99,Male,
Carlos Antonio López,Carlos Antonio López,,-0.99,Male,
Carlos Giménez,Carlos Giménez,,-0.99,Male,
Carlos Gómes,Carlos Gómes,,-0.99,Male,
Carlos Guido Spano,Carlos Guido Spano,,-0.99,Male,
Carlos Guido Spano,Carlos Guido Spano,,-0.99,Male,
Carlos J. Fernandez,Carlos J. Fernandez,,-0.99,Male,
Carlos J. Fernandez,Carlos J. Fernandez,,-0.99,Male,
Carlos Loizaga,Carlos Loizaga,,-0.99,Male,
Carlos M. Gimenez,Carlos M. Gimenez,,-0.99,Male,
Carlos M. Giménez,Carlos M. Giménez,,-0.99,Male,
Carlos Pastore,Carlos Pastore,,-0.99,Male,
Cesar Jerape,Cesar Jerape,,-0.99,Male,
Cirilo Grill,Cirilo Grill,,-0.99,Male,
comandante Luis Gonzalez,comandante Luis Gonzalez,,-0.99,Male,
Concejal Obdulio López,Concejal Obdulio López,,-0.99,Male,
Coronel Alfredo Ramos,Coronel Alfredo Ramos,,-0.99,Male,
Coronel Carlos Fernández,Coronel Carlos Fernández,,-0.99,Male,
Coronel Florentino Oviedo,Coronel Florentino Oviedo,,-0.99,Male,
Coronel Hector Franco Narvaez,Coronel Hector Franco Narvaez,,-0.99,Male,
Coronel Juan Patiño,Coronel Juan Patiño,,-0.99,Male,
Coronel Juan Porta O'Higgins,Coronel Juan Porta O'Higgins,,-0.99,Male,
Coronel Luis Caminos,Coronel Luis s,,-0.99,Male,
Coronel Roberto Cubas,Coronel Roberto Cubas,,-0.99,Male,
Doctor Bartolomé Coronel,Doctor Bartolomé Coronel,,-0.99,Male,
Doctor Cándido Vasconcellos,Doctor Cándido Vasconcellos,,-0.99,Male,
Doctor Carlos Santiviago,Doctor Carlos Santiviago,,-0.99,Male,
Doctor Cipriano Codas,Doctor Cipriano Codas,,-0.99,Male,
Doctor Hipólito Sanchez Quell,Doctor Hipólito Sanchez Quell,,-0.99,Male,
Doctor Hipólito Sanchez Quell,Doctor Hipólito Sanchez Quell,,-0.99,Male,
Doctor Juan Carlos Paleari,Doctor Juan Carlos Paleari,,-0.99,Male,
Doctor Luis Riart,Doctor Luis Riart,,-0.99,Male,
Doctor Molinas,Doctor Molinas,,-0.99,Male,
Doctor Molinas,Doctor Molinas,,-0.99,Male,
Doctor Teodoro Rojas,Doctor Teodoro Rojas,,-0.99,Male,
Doctor Valentín Rebull,Doctor Valentín Rebull,,-0.99,Male,
Don Busco,Don Busco,,-0.99,Male,
Don Juan Melchor Bosco,Don Juan Melchor Bosco,,-0.99,Male,
Don Valentin Rojas,Don Valentin Rojas,,-0.99,Male,
Epifanio Mendez Fleitas,Epifanio Mendez Fleitas,,-0.99,Male,
Epifanio Mendez Fleitas,Epifanio Mendez Fleitas,,-0.99,Male,
Estanislao Jaquisich,Estanislao Jaquisich,,-0.99,Male,
Feliciano Martinez,Feliciano Martinez,,-0.99,Male,
John Fitzgerald Kennedy,John Fitzgerald Kennedy,,-0.99,Male,
Juan A. Melgarejo,Juan  Melgarejo,,-0.99,Male,
Juan B. Rivarola Matto,Juan B. Rivarola Matto,,-0.99,Male,
Juan B. Rivarola Matto,Juan B. Rivarola Matto,,-0.99,Male,
Juan Bautista Alberdi,Juan Bautista Alberdi,,-0.99,Male,
Juan Bautista Rivarola Matto,Juan Bautista Rivarola Matto,,-0.99,Male,
Juan de Ayolas,Juan de Ayolas,,-0.99,Male,
Juan del Castillo,Juan del Castillo,,-0.99,Male,
Juan Emiliano O'Leary,Juan Emiliano O'Leary,,-0.99,Male,
Juan Emiliano O'Leary,Juan Emiliano O'Leary,,-0.99,Male,
Juan Garay,Juan Garay,,-0.99,Male,
Juan José Castelli,Juan José Castelli,,-0.99,Male,
Juan Jose Decoud,Juan Jose Decoud,,-0.99,Male,
Juan Jose Farias,Juan Jose Farias,,-0.99,Male,
Juan León Mallorquin,Juan León Mallorquin,,-0.99,Male,
Juan León Mallorquín,Juan León Mallorquín,,-0.99,Male,
Juan Leopardi,Juan Leopardi,,-0.99,Male,
Juan Manuel de Rosas,Juan Manuel de Rosas,,-0.99,Male,
Juan Manuel Frutos,Juan Manuel Frutos,,-0.99,Male,
Juan Manuel Frutos Pane,Juan Manuel Frutos Pane,,-0.99,Male,
Juan María Vianney,Juan María Vianney,,-0.99,Male,
Juan Natalicio González,Juan Natalicio González,,-0.99,Male,
Juan Netto,Juan Netto,,-0.99,Male,
Juan Pablo II,Juan Pablo II,,-0.99,Male,
Juan Pablo Ocampos,Juan Pablo Ocampos,,-0.99,Male,
Juan Ponce de Leon,Juan Ponce de Leon,,-0.99,Male,
Juan Porta Melgarejo,Juan Porta Melgarejo,,-0.99,Male,
Juan Sebastián Elcano,Juan Sebastián Elcano,,-0.99,Male,
Juan XXII,Juan XXII,,-0.99,Male,
Juan Zorrilla de San Martín,Juan Zorrilla de San Martín,,-0.99,Male,
Leandro N. Alem,Leandro N. Alem,,-0.99,Male,
Nicanor Torales,Nicanor Torales,,-0.99,Male,
Nicanor Torales,Nicanor Torales,,-0.99,Male,
Obispo Fidel Maíz,Obispo Fidel Maíz,,-0.99,Male,
Presbítero Bonifacio Moreno,Presbítero Bonifacio Moreno,,-0.99,Male,
Presbítero Juan Pucheu,Presbítero Juan Pucheu,,-0.99,Male,
Presbítero Marcelino Noutz,Presbítero Marcelino Noutz,,-0.99,Male,
Procer Carlos Arguello,Procer Carlos Arguello,,-0.99,Male,
procer Jose Joaquin Leon,procer Jose Joaquin Leon,,-0.99,Male,
Profesor Doctor Carlos Fiebrig,Profesor Doctor Carlos Fiebrig,,-0.99,Male,
Roberto Américo Paleari,Roberto Américo Paleari,,-0.99,Male,
Roberto Badem,Roberto Badem,,-0.99,Male,
Teniente Primero Victor Manuel Islas,Teniente Primero Victor Manuel s,,-0.99,Male,
Tomás Ramos,Tomás Ramos,,-0.99,Male,
Toribio Ocampos,Toribio Ocampos,,-0.99,Male,
Toribio Sanchez,Toribio Sanchez,,-0.99,Male,
Victor Caceres,Victor Caceres,,-0.99,Male,
Victor Caceres,Victor Caceres,,-0.99,Male,
Victor Cataldi,Victor Cataldi,,-0.99,Male,
Victor Hugo Molas,Victor Hugo Molas,,-0.99,Male,
Victor Morinigo,Victor Morinigo,,-0.99,Male,
Victor Morínigo,Victor Morínigo,,-0.99,Male,
Victor Riquelme,Victor Riquelme,,-0.99,Male,
Victoriano Abente y Lago,Victoriano Abente y Lago,,-0.99,Male,
Willian Richardson,Willian Richardson,,-0.99,Male,
Capitán Jorge Francis Morice,Capitán Jorge Francis Morice,,-0.98,Male,
Fulgencio Yegros y Franco de Torres,Fulgencio Yegros y Franco de Torres,,-0.98,Male,
Gumercindo Duarte,Gumercindo Duarte,,-0.98,Male,
Vice Presidente Sanchez,Vice Presidente Sanchez,,-0.98,Male,
Calle Tito Olmedo,Tito Olmedo,,-0.97,Male,
Cap. Nudelmann,Cap. Nudelmann,,-0.97,Male,
Coronel Tito Bogado,Coronel Tito Bogado,,-0.97,Male,
Tito Olmedo,Tito Olmedo,,-0.97,Male,
P. Juan Caballero,P. Juan Caballero,,-0.96,Male,
Papa Francisco,Papa Francisco,,-0.95,Male,
Agusto Roa Bastos,Agusto Roa Bastos,,-0.94,Male,
Wil Carissimo De Avalos,Wil Carissimo De alos,,-0.91,Male,
Avenida Pratt Gill,Pratt Gill,,-0.85,Male,
San Andres,San Andres,,-0.84,Male,
San Andres,San Andres,,-0.84,Male,
Capitán Jose Maria Garcia Ricciard,Capitán Jose Maria Garcia Ricciard,,-0.78,Male,
Carreteros del Chaco,Carreteros del Chaco,,-0.77,Male,
Choferes Del Chaco,Choferes Del Chaco,,-0.77,Male,
Ex Combatiente del Chaco,Ex Combatiente del Chaco,,-0.77,Male,
Ex Combatiente del Chaco,Ex Combatiente del Chaco,,-0.77,Male,
Fotógrafos del Chaco,Fotógrafos del Chaco,,-0.77,Male,
Odontólogos del Chaco,Odontólogos del Chaco,,-0.77,Male,
Consejal Eliodoro R. González,Consejal Eliodoro R. González,,-0.76,Male,
Capitán José Domingo Lombardo,Capitán José Domingo Lombardo,,-0.73,Male,
Colector este El Paraguayo Independiente a Benjamín Constant,Colector este El Paraguayo Independiente a Benjamín Constant,,-0.73,Male,
Avenida Doctor José Gaspar Rodriguez de Francia y Velasco,Doctor José Gaspar Rodriguez Francia y Velasco,,-0.72,Male,
San Felipe,San Felipe,,-0.69,Male,
San Felipe y Santiago,San Felipe y Santiago,,-0.69,Male,
Coronel Angel Enrique Lopez,Coronel Angel Enrique Lopez,,-0.68,Male,
José Viñuales,José Viñuales,,-0.65,Male,
Procer José Tomás Isasi,Procer José Tomás Isasi,,-0.65,Male,
Jaime Bestard,Jaime Bestard,,-0.64,Male,
A. Gonzalez,Gonzalez,,-0.5,Male,
Adolfo Alcina,Adolfo Alcina,,-0.5,Male,
Alejo García,Alejo García,,-0.5,Male,
Amancio Gonzalez,Amancio Gonzalez,,-0.5,Male,
Amancio González,Amancio González,,-0.5,Male,
Anastacio Gonzalez,Anastacio Gonzalez,,-0.5,Male,
Andres Barbero,Andres Barbero,,-0.5,Male,
Andrés Barbero,Andrés Barbero,,-0.5,Male,
Andrés Campos-Cervera,Andrés Campos-Cervera,,-0.5,Male,
Andrés Campos-Cervera,Andrés Campos-Cervera,,-0.5,Male,
Andrés Salomón,Andrés Salomón,,-0.5,Male,
Andrés Scala,Andrés Scala,,-0.5,Male,
Andrés Tito Fandiña,Andrés Tito Fandiña,,-0.5,Male,
Antolín Irala,Antolín Irala,,-0.5,Male,
Antonio Ruiz de Arellano,Antonio Ruiz de Arellano,,-0.5,Male,
Antonio Taboada,Antonio Taboada,,-0.5,Male,
Armando Espioza,Armando Espioza,,-0.5,Male,
Armando Paredes,Armando Paredes,,-0.5,Male,
Arquitecto Tomas Romeo Pereria,Arquitecto Tomas Romeo Pereria,,-0.5,Male,
Arturo Alsina,Arturo Alsina,,-0.5,Male,
Arturo Pereira,Arturo Pereira,,-0.5,Male,
aspirante GIlberto Arana,aspirante GIlberto Arana,,-0.5,Male,
Aspirante GIlberto Arana,Aspirante GIlberto Arana,,-0.5,Male,
Atilano Gómez,Atilano Gómez,,-0.5,Male,
Atilio Galfre,Atilio Galfre,,-0.5,Male,
Augusto Roa Bastos,Augusto Roa Bastos,,-0.5,Male,
Avenida Avelino Martinez,Avelino Martinez,,-0.5,Male,
Avenida Aviadores del Chaco,Aviadores Chaco,,-0.5,Male,
Avenida Aviadores del Chaco,Aviadores Chaco,,-0.5,Male,
Avenida Belgrano,Belgrano,,-0.5,Male,
Avenida Defensores del Chaco,Defensores Chaco,,-0.5,Male,
Avenida Defensores del Chaco,Defensores Chaco,,-0.5,Male,
Avenida Doctor Eusebio Ayala,Doctor Eusebio Ayala,,-0.5,Male,
Avenida Doctor Eusebio Ayala,Doctor Eusebio Ayala,,-0.5,Male,
Avenida Doctor Felipe Molas López,Doctor Felipe Molas López,,-0.5,Male,
Avenida Doctor Felipe Molas López,Doctor Felipe Molas López,,-0.5,Male,
Avenida Doctor Fernando de la Mora,Doctor Fernando Mora,,-0.5,Male,
Avenida Doctor Guido Boggiani,Doctor Guido Boggiani,,-0.5,Male,
Avenida Francisco Bogarín,Francisco Bogarín,,-0.5,Male,
Avenida Gaspar Rodriguez de Francia,Gaspar Rodriguez Francia,,-0.5,Male,
Avenida General Elizardo Aquino,General Elizardo Aquino,,-0.5,Male,
Avenida Juan Domingo Perón,Juan Domingo Perón,,-0.5,Male,
Avenida Luis Piamonte,Luis Piamonte,,-0.5,Male,
Avenida Mariscal,Mariscal,,-0.5,Male,
Avenida Mariscal Francisco Solano López,Mariscal Francisco Solano López,,-0.5,Male,
Avenida Mariscal Francisco Solano López,Mariscal Francisco Solano López,,-0.5,Male,
Avenida Néstor Kirchner,Néstor Kirchner,,-0.5,Male,
Avenida San José,San José,,-0.5,Male,
Avenida San Martín,San Martín,,-0.5,Male,
Baden Powell,Baden Powell,,-0.5,Male,
Bartolomé Mitre,Bartolomé Mitre,,-0.5,Male,
Beato Roque Gonzalez,Beato Roque Gonzalez,,-0.5,Male,
Belisario Rivarola,Belisario Rivarola,,-0.5,Male,
Belisario Rivarola Recalde,Belisario Rivarola Recalde,,-0.5,Male,
Benigno Ferreira,Benigno Ferreira,,-0.5,Male,
Benigno Gonzalez,Benigno Gonzalez,,-0.5,Male,
Benito Juarez,Benito Juarez,,-0.5,Male,
Benjamín Franklin,Benjamín Franklin,,-0.5,Male,
Bernardino Caballero,Bernardino Caballero,,-0.5,Male,
Blas Garay,Blas Garay,,-0.5,Male,
C. Parquet,Parquet,,-0.5,Male,
Cabo Dionisio Comet,Cabo Dionisio Comet,,-0.5,Male,
Cabo Esteban Rios,Cabo Esteban Rios,,-0.5,Male,
Cabo Primero Eulalio Aguilar,Cabo Primero Eulalio Aguilar,,-0.5,Male,
Cabo Primero Francisco Estigarribia,Cabo Primero Francisco Estigarribia,,-0.5,Male,
Cabo Primero Mario Prieto,Cabo Primero Mario Prieto,,-0.5,Male,
Cabo Primero Silvio Ovelar,Cabo Primero Silvio Ovelar,,-0.5,Male,
Cacique Arecayá,Cacique Arecayá,,-0.5,Male,
Cacique Lambaré,Cacique Lambaré,,-0.5,Male,
Cacique Tabapy,Cacique Tabapy,,-0.5,Male,
Cacique Tabare,Cacique Tabare,,-0.5,Male,
Cacique Tabaré,Cacique Tabaré,,-0.5,Male,
Cadete Carlos Sisa,Cadete Carlos Sisa,,-0.5,Male,
cadete Carlos Sisa,cadete Carlos Sisa,,-0.5,Male,
Calle Alejo Garcia,Alejo Garcia,,-0.5,Male,
Calle Ambay,Ambay,,-0.5,Male,
Calle Andres Barbero,Andres Barbero,,-0.5,Male,
Calle Andrés Barbero,Andrés Barbero,,-0.5,Male,
Calle Arcadio Roa Aguayo,Arcadio Roa Aguayo,,-0.5,Male,
Calle Blas de Villalba,Blas Villalba,,-0.5,Male,
Calle Convención,Convención,,-0.5,Male,
Calle ExComb. Carlos Antonio Meza,ExComb. Carlos Antonio Meza,,-0.5,Male,
Calle Nicasio Villalba,Nicasio Villalba,,-0.5,Male,
Calle Saavedra,Saavedra,,-0.5,Male,
Cap. Juan Bautista Rivarola,Cap. Juan Bautista Rivarola,,-0.5,Male,
Capitá Vicente Ignacio Iturbe,Capitá Vicente Ignacio Iturbe,,-0.5,Male,
Capitán Abraham Lagrave,Capitán Abraham Lagrave,,-0.5,Male,
Capitán Adolfo Saguier,Capitán Adolfo Saguier,,-0.5,Male,
Capitán Alfonso Tunon,Capitán Alfonso Tunon,,-0.5,Male,
Capitán Alfredo Pla,Capitán Alfredo Pla,,-0.5,Male,
Capitan Andrés Insfrán,Capitan Andrés Insfrán,,-0.5,Male,
Capitán Andrés Insfran,Capitán Andrés Insfran,,-0.5,Male,
Capitán Aparicio Figari Riquelme,Capitán Aparicio Figari Riquelme,,-0.5,Male,
"Capitan Avalos, Luque, Central, Paraguay","Capitan Avalos, Luque, , Paraguay",,-0.5,Male,
Capitán Bernardino Caballero Álvarez,Capitán Bernardino Caballero Álvarez,,-0.5,Male,
Capitán Braulio Lezcano,Capitán Braulio Lezcano,,-0.5,Male,
Capitan Brizuela,Capitan Brizuela,,-0.5,Male,
Capitán Brizuela,Capitán Brizuela,,-0.5,Male,
Capitán C. Cristaldo,Capitán  Cristaldo,,-0.5,Male,
Capitán Caballero,Capitán Caballero,,-0.5,Male,
Capitán Cesar López de Filippis,Capitán Cesar López de Filippis,,-0.5,Male,
Capitán Elias Ayala,Capitán Elias Ayala,,-0.5,Male,
Capitán Emigdio Barboza,Capitán Emigdio Barboza,,-0.5,Male,
Capitán Enrique Moro Araujo,Capitán Enrique Moro Araujo,,-0.5,Male,
Capitán Gonzalo de Mendoza,Capitán Gonzalo de Mendoza,,-0.5,Male,
Capitán Gumersindo Sosa,Capitán Gumersindo Sosa,,-0.5,Male,
Capitán Insfran,Capitán Insfran,,-0.5,Male,
Capitán Ismael Ferreira,Capitán Ismael Ferreira,,-0.5,Male,
Capitán Juan Bautista Rivarola,Capitán Juan Bautista Rivarola,,-0.5,Male,
Capitán Juan de Salazar y Espinoza,Capitán Juan de Salazar y Espinoza,,-0.5,Male,
Capitán Juan Genaro Lafranconi,Capitán Juan Genaro Lafranconi,,-0.5,Male,
Capitán Julio César Rivas,Capitán Julio César Rivas,,-0.5,Male,
Capitán Julio Cezar Rivas,Capitán Julio Cezar Rivas,,-0.5,Male,
Capitán Leonardo Britos,Capitán Leonardo Britos,,-0.5,Male,
Capitán Manuel Aranda,Capitán Manuel Aranda,,-0.5,Male,
Capitán Milciades Urbieta,Capitán Milciades Urbieta,,-0.5,Male,
Capitán Nicolás Blinoff,Capitán Nicolás Blinoff,,-0.5,Male,
Capitán Norberto Cañiza,Capitán Norberto Cañiza,,-0.5,Male,
Capitán Pedro Carpinelli,Capitán Pedro Carpinelli,,-0.5,Male,
Capitán Pedro de Valdivia,Capitán Pedro de Valdivia,,-0.5,Male,
Capitan Pedro Juan Caballero Garcia,Capitan Pedro Juan Caballero Garcia,,-0.5,Male,
Capitán Pedro Villamayor,Capitán Pedro mayor,,-0.5,Male,
Capitan Prudente Britos,Capitan Prudente Britos,,-0.5,Male,
Capitán Prudente Britos,Capitán Prudente Britos,,-0.5,Male,
Capitán Remigio Cabral,Capitán Remigio Cabral,,-0.5,Male,
Capitán Rigoberto Fontao Meza,Capitán Rigoberto Fontao Meza,,-0.5,Male,
Capitán Rivas,Capitán Rivas,,-0.5,Male,
Capitán Rivas,Capitán Rivas,,-0.5,Male,
Capitan Rivas Interior,Capitan Rivas Interior,,-0.5,Male,
Capitán Rogelio Fiore,Capitán Rogelio Fiore,,-0.5,Male,
Capitán Román García,Capitán Román García,,-0.5,Male,
Capitán Solano Escobar,Capitán Solano Escobar,,-0.5,Male,
Capitán Troche,Capitán Troche,,-0.5,Male,
Capitán Vicente Suarez,Capitán Vicente Suarez,,-0.5,Male,
Capitán Victor Manuel Brizuela,Capitán Victor Manuel Brizuela,,-0.5,Male,
Capitán Victoriano Bueno,Capitán Victoriano Bueno,,-0.5,Male,
Capitán Zacarías Fariña,Capitán Zacarías Fariña,,-0.5,Male,
Cástulo Franco,Cástulo Franco,,-0.5,Male,
Cástulo Franco,Cástulo Franco,,-0.5,Male,
Cecilio Baez,Cecilio Baez,,-0.5,Male,
Cecilio Baéz,Cecilio Baéz,,-0.5,Male,
Cecilio Da Silva,Cecilio Da Silva,,-0.5,Male,
Cecilio Da Silva,Cecilio Da Silva,,-0.5,Male,
Ceferino Ruíz,Ceferino Ruíz,,-0.5,Male,
César Piravano,César Piravano,,-0.5,Male,
Cirilo Antonio Rivarola,Cirilo Antonio Rivarola,,-0.5,Male,
Claudio Arrua,Claudio Arrua,,-0.5,Male,
Claudio Arrúa,Claudio Arrúa,,-0.5,Male,
Cnel Ortiz Valemi,Cnel Ortiz Valemi,,-0.5,Male,
Cnel Rafael Franco,Cnel Rafael Franco,,-0.5,Male,
Cnel Rafael Franco,Cnel Rafael Franco,,-0.5,Male,
Colector Defensa Nacional - Padre Egidio Cardozo,Colector Defensa Nacional - Padre Egidio Cardozo,,-0.5,Male,
Colector Mariscal Francisco Solano López - Tacuary,Colector Mariscal Francisco Solano López - Tacuary,,-0.5,Male,
Colectora Carlos Pellegrini,Colectora Carlos Pellegrini,,-0.5,Male,
Colón,Colón,,-0.5,Male,
Colón,Colón,,-0.5,Male,
Comandante Cazal,Comandante Cazal,,-0.5,Male,
Comandante Gamarra,Comandante Gamarra,,-0.5,Male,
Comandante Ignacio Aguirre,Comandante Ignacio Aguirre,,-0.5,Male,
Comandante Manuel Gamarra,Comandante Manuel Gamarra,,-0.5,Male,
comandante Manuel Gamarra,comandante Manuel Gamarra,,-0.5,Male,
comandante Pascual Urdapilleta,comandante Pascual Urdapilleta,,-0.5,Male,
Comandante Pedro Pablo Caballero,Comandante Pedro Pablo Caballero,,-0.5,Male,
Comandante Peralta,Comandante Peralta,,-0.5,Male,
Comandante Sergio Salaskín,Comandante Sergio Salaskín,,-0.5,Male,
Coronel Agustin Candia,Coronel Agustin Candia,,-0.5,Male,
Coronel Alfred Marbais du Graty,Coronel Alfred Marbais du Graty,,-0.5,Male,
Coronel Antoliano Cantero,Coronel Antoliano Cantero,,-0.5,Male,
Coronel Aveiro,Coronel eiro,,-0.5,Male,
Coronel Camilo Recalde,Coronel Camilo Recalde,,-0.5,Male,
Coronel Cantero,Coronel Cantero,,-0.5,Male,
Coronel Carlos M. Boveda,Coronel Carlos M. Boveda,,-0.5,Male,
Coronel Carlos M. Boveda,Coronel Carlos M. Boveda,,-0.5,Male,
Coronel Cubas Barboza,Coronel Cubas Barboza,,-0.5,Male,
Coronel Emilio Meza Guerrero,Coronel Emilio Meza Guerrero,,-0.5,Male,
Coronel Felix Cabrera,Coronel Felix Cabrera,,-0.5,Male,
Coronel Francisco Brizuela,Coronel Francisco Brizuela,,-0.5,Male,
Coronel Ibarrola,Coronel Ibarrola,,-0.5,Male,
Coronel Juan Antonio Escurra,Coronel Juan Antonio Escurra,,-0.5,Male,
Coronel Juan Bautista Delvalle,Coronel Juan Bautista Delvalle,,-0.5,Male,
Coronel Juan Manuel Torres Villanueva,Coronel Juan Manuel Torres nueva,,-0.5,Male,
Coronel Luis Irrazabal,Coronel Luis Irrazabal,,-0.5,Male,
Coronel Luis Irrazabal,Coronel Luis Irrazabal,,-0.5,Male,
Coronel Miguel Ramos Alfaro,Coronel Miguel Ramos Alfaro,,-0.5,Male,
Coronel Mutshuito Villasboa,Coronel Mutshuito sboa,,-0.5,Male,
Coronel Pampliega,Coronel Pampliega,,-0.5,Male,
Coronel Pedro Hermosa,Coronel Pedro Hermosa,,-0.5,Male,
Coronel Ramón Paredes,Coronel Ramón Paredes,,-0.5,Male,
Dario Gomez Serrato,Dario Gomez Serrato,,-0.5,Male,
Dario Gómez Serrato,Dario Gómez Serrato,,-0.5,Male,
Delicio Insfrán,Delicio Insfrán,,-0.5,Male,
Demetrio Ortiz,Demetrio Ortiz,,-0.5,Male,
Desiderio Villalón,Desiderio lón,,-0.5,Male,
Doctor Agustín Goiburu,Doctor Agustín Goiburu,,-0.5,Male,
Doctor Alberto Nogues,Doctor Alberto Nogues,,-0.5,Male,
Doctor Alberto Schenoni,Doctor Alberto Schenoni,,-0.5,Male,
Doctor Alfonso Capurro,Doctor Alfonso Capurro,,-0.5,Male,
Doctor Anastacio Sosa,Doctor Anastacio Sosa,,-0.5,Male,
Doctor Antolín Irala,Doctor Antolín Irala,,-0.5,Male,
Doctor Antonio Mena Porta,Doctor Antonio Mena Porta,,-0.5,Male,
Doctor Antonio Sosa,Doctor Antonio Sosa,,-0.5,Male,
Doctor Benigno Escobar,Doctor Benigno Escobar,,-0.5,Male,
Doctor Benigno Ferreira,Doctor Benigno Ferreira,,-0.5,Male,
Doctor Benigno Ferreira,Doctor Benigno Ferreira,,-0.5,Male,
Doctor Benjamin Banks,Doctor Benjamin Banks,,-0.5,Male,
Doctor Bernardino Caballero,Doctor Bernardino Caballero,,-0.5,Male,
Doctor Bernardino Gorostiaga,Doctor Bernardino Gorostiaga,,-0.5,Male,
Doctor Blas Manuel Garay Argaña,Doctor Blas Manuel Garay Argaña,,-0.5,Male,
Doctor Camacho Duré,Doctor Camacho Duré,,-0.5,Male,
Doctor Cándido Vasconcello,Doctor Cándido Vasconcello,,-0.5,Male,
Doctor Carlos Abdala,Doctor Carlos Abdala,,-0.5,Male,
Doctor Carlos Andrada,Doctor Carlos Andrada,,-0.5,Male,
Doctor Carlos Centurión,Doctor Carlos Centurión,,-0.5,Male,
Doctor Carlos Gatti,Doctor Carlos Gatti,,-0.5,Male,
Doctor Cayo Romero Pereira,Doctor Cayo Romero Pereira,,-0.5,Male,
Doctor Cecilio Báez González,Doctor Cecilio Báez González,,-0.5,Male,
Doctor Cesar López Moreira,Doctor Cesar López Moreira,,-0.5,Male,
Doctor Cirilo Cáceres Zorrilla,Doctor Cirilo Cáceres Zorrilla,,-0.5,Male,
Doctor David Lofruscio,Doctor David Lofruscio,,-0.5,Male,
Doctor Domingo Montanaro,Doctor Domingo Montanaro,,-0.5,Male,
Doctor Domingo Montanaro,Doctor Domingo Montanaro,,-0.5,Male,
Doctor Eduardo López Moreira,Doctor Eduardo López Moreira,,-0.5,Male,
Doctor Eduardo San Martín,Doctor Eduardo San Martín,,-0.5,Male,
Doctor Eduardo San Martín,Doctor Eduardo San Martín,,-0.5,Male,
Doctor Emiliano Paiva,Doctor Emiliano Paiva,,-0.5,Male,
Doctor Emilio Hassler,Doctor Emilio Hassler,,-0.5,Male,
Doctor Emilio Hassler,Doctor Emilio Hassler,,-0.5,Male,
Doctor Esteban Gorostiaga,Doctor Esteban Gorostiaga,,-0.5,Male,
Doctor Esteban Semidei,Doctor Esteban Semidei,,-0.5,Male,
Doctor Eulogio Estigarribia,Doctor Eulogio Estigarribia,,-0.5,Male,
Doctor Facundo Insfrán,Doctor Facundo Insfrán,,-0.5,Male,
Doctor Facundo Machaín,Doctor Facundo Machaín,,-0.5,Male,
Doctor Facundo Machaín,Doctor Facundo Machaín,,-0.5,Male,
Doctor Felipe Molas López,Doctor Felipe Molas López,,-0.5,Male,
Doctor Felix Paiva,Doctor Felix Paiva,,-0.5,Male,
Doctor Félix Paiva,Doctor Félix Paiva,,-0.5,Male,
Doctor Fernando De La Mora,Doctor Fernando De La Mora,,-0.5,Male,
Doctor Fernando de la Mora,Doctor Fernando de la Mora,,-0.5,Male,
Doctor Francisco Morra,Doctor Francisco Morra,,-0.5,Male,
Doctor Gaspar Rodríguez de Francia,Doctor Gaspar Rodríguez de Francia,,-0.5,Male,
Doctor Gerónimo Zubizarreta,Doctor Gerónimo Zubizarreta,,-0.5,Male,
Doctor Guido Boggiani,Doctor Guido Boggiani,,-0.5,Male,
Doctor Guido Boggiani,Doctor Guido Boggiani,,-0.5,Male,
Doctor Guillermo Enciso Velloso,Doctor Guillermo Enciso Velloso,,-0.5,Male,
Doctor Hipólito Carrón,Doctor Hipólito Carrón,,-0.5,Male,
Doctor Hipólito Carrón,Doctor Hipólito Carrón,,-0.5,Male,
Doctor Juan Benza,Doctor Juan Benza,,-0.5,Male,
Doctor Juan Boggino,Doctor Juan Boggino,,-0.5,Male,
Doctor Julio Decoud,Doctor Julio Decoud,,-0.5,Male,
Doctor Justo Pastor Candia,Doctor Justo Pastor Candia,,-0.5,Male,
Doctor Luis Alberto de Herrera,Doctor Luis Alberto de Herrera,,-0.5,Male,
Doctor Luis Enrique Migone,Doctor Luis Enrique Migone,,-0.5,Male,
Doctor Luís Enrique Migone,Doctor Luís Enrique Migone,,-0.5,Male,
Doctor Luis Frescura,Doctor Luis Frescura,,-0.5,Male,
Doctor Luis Morquio,Doctor Luis Morquio,,-0.5,Male,
Doctor Luis Zanotti Cavazzoni,Doctor Luis Zanotti Cavazzoni,,-0.5,Male,
Doctor Manuel Dominguez,Doctor Manuel Dominguez,,-0.5,Male,
doctor Manuel Dominguez,doctor Manuel Dominguez,,-0.5,Male,
Doctor Manuel Peña,Doctor Manuel Peña,,-0.5,Male,
Doctor Manuel Pérez,Doctor Manuel Pérez,,-0.5,Male,
Doctor Marco Aguayo,Doctor Marco Aguayo,,-0.5,Male,
Doctor Mario Mallorquín,Doctor Mario Mallorquín,,-0.5,Male,
Doctor Mario Mazzei,Doctor Mario Mazzei,,-0.5,Male,
Doctor Moisés Santiago Bertoni,Doctor Moisés Santiago Bertoni,,-0.5,Male,
Doctor Moisés Santiago Bertoni,Doctor Moisés Santiago Bertoni,,-0.5,Male,
Doctor Narciso Mendez Benitez,Doctor Narciso Mendez Benitez,,-0.5,Male,
Doctor Osvaldo Chávez,Doctor Osvaldo Chávez,,-0.5,Male,
Doctor Pedro P. Peña,Doctor Pedro P. Peña,,-0.5,Male,
Doctor Pedro Pablo Peña,Doctor Pedro Pablo Peña,,-0.5,Male,
Doctor Rafael Eladio Velazquez,Doctor Rafael Eladio Velazquez,,-0.5,Male,
Doctor Ramon Méndez Paiva,Doctor Ramon Méndez Paiva,,-0.5,Male,
Doctor Ramón Zubizarreta,Doctor Ramón Zubizarreta,,-0.5,Male,
Doctor Raúl Alfonsín,Doctor Raúl Alfonsín,,-0.5,Male,
Doctor Raul Heisecke Ferreira,Doctor Raul Heisecke Ferreira,,-0.5,Male,
Doctor Raúl Heisecke Ferreira,Doctor Raúl Heisecke Ferreira,,-0.5,Male,
Doctor Ricardo Boettner,Doctor Ricardo Boettner,,-0.5,Male,
Doctor Ricardo Brugada,Doctor Ricardo Brugada,,-0.5,Male,
Doctor Ricardo Odriosola,Doctor Ricardo Odriosola,,-0.5,Male,
Doctor Semidei,Doctor Semidei,,-0.5,Male,
Doctor Sosa,Doctor Sosa,,-0.5,Male,
Doctor Sosa,Doctor Sosa,,-0.5,Male,
Doctor Telmo Aquino,Doctor Telmo Aquino,,-0.5,Male,
Doctor Teodosio González,Doctor Teodosio González,,-0.5,Male,
Doctor Toribio Pacheco y Rivero,Doctor Toribio Pacheco y Rivero,,-0.5,Male,
Doctor Toribio Pacheco y Rivero,Doctor Toribio Pacheco y Rivero,,-0.5,Male,
Doctor Venza,Doctor Venza,,-0.5,Male,
Doctor Victor Boettner,Doctor Victor Boettner,,-0.5,Male,
Doctor Victor Calderera,Doctor Victor Calderera,,-0.5,Male,
Doctor Victor Idoyaga,Doctor Victor Idoyaga,,-0.5,Male,
Doctor Waldino Lovera,Doctor Waldino Lovera,,-0.5,Male,
Doctor Waldino Ramon Lovera,Doctor Waldino Ramon Lovera,,-0.5,Male,
Doctor Waldino Ramon Lovera,Doctor Waldino Ramon Lovera,,-0.5,Male,
Dr Carlos Zubizarreta,Dr Carlos Zubizarreta,,-0.5,Male,
Dr Carlos Zubizarreta,Dr Carlos Zubizarreta,,-0.5,Male,
Dr Waldino Lovera,Dr Waldino Lovera,,-0.5,Male,
Edison Nazareno,Edison Nazareno,,-0.5,Male,
Eliseo Reclus,Eliseo Reclus,,-0.5,Male,
Eloy Fariña Nuñez,Eloy Fariña Nuñez,,-0.5,Male,
Eloy Páez,Eloy Páez,,-0.5,Male,
Emigdio Colman,Emigdio Colman,,-0.5,Male,
Emiliano Fernández Rivarola,Emiliano Fernández Rivarola,,-0.5,Male,
Emilio Aceval,Emilio Aceval,,-0.5,Male,
Emilio Castelar,Emilio Castelar,,-0.5,Male,
Enrique Almarín,Enrique Almarín,,-0.5,Male,
Enrique Mares Lind,Enrique Mares Lind,,-0.5,Male,
Enrique Solano López,Enrique Solano López,,-0.5,Male,
Enrique VIII,Enrique VIII,,-0.5,Male,
Ernesto Guevara,Ernesto Guevara,,-0.5,Male,
Ernesto Quesada,Ernesto Quesada,,-0.5,Male,
Escribano Abelardo Brugada,Escribano Abelardo Brugada,,-0.5,Male,
Ezequiel Gonzalez Alsina,Ezequiel Gonzalez Alsina,,-0.5,Male,
Facundo Quiroga,Facundo Quiroga,,-0.5,Male,
Félix Lope de Vega,Félix Lope de Vega,,-0.5,Male,
Fernando de Pinedo,Fernando de Pinedo,,-0.5,Male,
Filemón Morel,Filemón Morel,,-0.5,Male,
Francisco Acuña de Figeroa,Francisco Acuña de Figeroa,,-0.5,Male,
Francisco Bogarin,Francisco Bogarin,,-0.5,Male,
Francisco Eliseo Peralta,Francisco Eliseo Peralta,,-0.5,Male,
Francisco Esteban Acuña de Figueroa,Francisco Esteban Acuña de Figueroa,,-0.5,Male,
Francisco Goya,Francisco Goya,,-0.5,Male,
Francisco Javier Martínez,Francisco Javier Martínez,,-0.5,Male,
Francisco Lionel Bareiro,Francisco Lionel Bareiro,,-0.5,Male,
Francisco Pizarro,Francisco Pizarro,,-0.5,Male,
Francisco Ravizza,Francisco Ravizza,,-0.5,Male,
Francisco Santacruz,Francisco Santacruz,,-0.5,Male,
Francisco Zurbaran,Francisco Zurbaran,,-0.5,Male,
François Sauvageot-Dupuis,François Sauvageot-Dupuis,,-0.5,Male,
Fray luis de Bolaños,Fray luis de Bolaños,,-0.5,Male,
Fray luis de Bolaños,Fray luis de Bolaños,,-0.5,Male,
Fray Luis de Granada,Fray Luis de Granada,,-0.5,Male,
Fray Luis de León,Fray Luis de León,,-0.5,Male,
Fulgencio Moreno,Fulgencio Moreno,,-0.5,Male,
Fulgencio Ricardo Moreno,Fulgencio Ricardo Moreno,,-0.5,Male,
Fulgencio Yegros,Fulgencio Yegros,,-0.5,Male,
Fulgencio Yegros,Fulgencio Yegros,,-0.5,Male,
Gaetano Martino,Gaetano Martino,,-0.5,Male,
Gaspar Centurión,Gaspar Centurión,,-0.5,Male,
Gaspar Rodriguez de Francia,Gaspar Rodriguez de Francia,,-0.5,Male,
Gaudioso Núñez,Gaudioso Núñez,,-0.5,Male,
Genaro Romero,Genaro Romero,,-0.5,Male,
General Andrada,General Andrada,,-0.5,Male,
General Artigas,General Artigas,,-0.5,Male,
General Bernardino Caballero,General Bernardino Caballero,,-0.5,Male,
General Bernardo O'Higgins,General Bernardo O'Higgins,,-0.5,Male,
General Caballero,General Caballero,,-0.5,Male,
General Caballero,General Caballero,,-0.5,Male,
General Carlos Diáz de León,General Carlos Diáz de León,,-0.5,Male,
General Cesar Gagliardone,General Cesar Gagliardone,,-0.5,Male,
General Cesar Gagliardone,General Cesar Gagliardone,,-0.5,Male,
General Charles de Gaulle,General Charles de Gaulle,,-0.5,Male,
General Diaz,General Diaz,,-0.5,Male,
General Díaz,General Díaz,,-0.5,Male,
General Douglas MacArthur,General Douglas MacArthur,,-0.5,Male,
General Eduardo Torreani Viera,General Eduardo Torreani Viera,,-0.5,Male,
General Elizardo Aquino,General Elizardo Aquino,,-0.5,Male,
General Eugenio A. Garay,General Eugenio  Garay,,-0.5,Male,
General Eugenio A. Garay,General Eugenio  Garay,,-0.5,Male,
General Eugenio Alejandrino Garay,General Eugenio Alejandrino Garay,,-0.5,Male,
General Eugenio Garay,General Eugenio Garay,,-0.5,Male,
General Francisco Maldonado,General Francisco Maldonado,,-0.5,Male,
General Francisco Morazán,General Francisco Morazán,,-0.5,Male,
General Francisco Roa,General Francisco Roa,,-0.5,Male,
General Garay,General Garay,,-0.5,Male,
General Genes,General Genes,,-0.5,Male,
General Juan B. Ayala,General Juan B. Ayala,,-0.5,Male,
General Juan Bautista Ayala,General Juan Bautista Ayala,,-0.5,Male,
General Mariano Melgarejo,General Mariano Melgarejo,,-0.5,Male,
General Martín de Güemes,General Martín de Güemes,,-0.5,Male,
General Martin Thomas McMahon,General Martin Thomas McMahon,,-0.5,Male,
General Patricio Escobar,General Patricio Escobar,,-0.5,Male,
General Paulino Ántola,General Paulino Ántola,,-0.5,Male,
General Raimundo Rolón,General Raimundo Rolón,,-0.5,Male,
General Ramón Gómez de Castro,General Ramón Gómez de Castro,,-0.5,Male,
General Ramón Rodríguez,General Ramón Rodríguez,,-0.5,Male,
General Roa,General Roa,,-0.5,Male,
General Rogelio Benitez,General Rogelio Benitez,,-0.5,Male,
Gobernador Domingo Martínez de Irala,Gobernador Domingo Martínez de Irala,,-0.5,Male,
Gonzalo Bulnes,Gonzalo Bulnes,,-0.5,Male,
Gonzalo Morán,Gonzalo Morán,,-0.5,Male,
Gregorio Sanaoria,Gregorio Sanaoria,,-0.5,Male,
Guillermo Jimenez,Guillermo Jimenez,,-0.5,Male,
Guillermo Marconi,Guillermo Marconi,,-0.5,Male,
Guillermo Molinas,Guillermo Molinas,,-0.5,Male,
Guillermo Saravi,Guillermo Saravi,,-0.5,Male,
Hector Velázquez,Hector Velázquez,,-0.5,Male,
Herib Campos Cervera,Herib Campos Cervera,,-0.5,Male,
Heriberto Gill,Heriberto Gill,,-0.5,Male,
Heriberto Gómez de la Fuente,Heriberto Gómez de la Fuente,,-0.5,Male,
Heriberto Insfrán,Heriberto Insfrán,,-0.5,Male,
Herminio Giménez,Herminio Giménez,,-0.5,Male,
Herminio Maldonado,Herminio Maldonado,,-0.5,Male,
Herminio Maldonado,Herminio Maldonado,,-0.5,Male,
Hernán Velilla,Hernán Velilla,,-0.5,Male,
Hipolito Unanue,Hipolito Unanue,,-0.5,Male,
Hipólito Yrigoyen,Hipólito Yrigoyen,,-0.5,Male,
Ing. Gustavo Crovato,Ing. Gustavo Crovato,,-0.5,Male,
Ingeniero Carlos Dominguez,Ingeniero Carlos Dominguez,,-0.5,Male,
Ingeniero Gustavo Crovato,Ingeniero Gustavo Crovato,,-0.5,Male,
ingeniero Gustavo Crovato,ingeniero Gustavo Crovato,,-0.5,Male,
Ingeniero Hernando Bertoni,Ingeniero Hernando Bertoni,,-0.5,Male,
Ingeniero Hernando Bertoni,Ingeniero Hernando Bertoni,,-0.5,Male,
Ingeniero John Whytehead,Ingeniero John Whytehead,,-0.5,Male,
Ingeniero Julio Ramón de Cesar,Ingeniero Julio Ramón de Cesar,,-0.5,Male,
ingeniero Roque Zaldívar,ingeniero Roque Zaldívar,,-0.5,Male,
ingeniero Roque Zaldívar,ingeniero Roque Zaldívar,,-0.5,Male,
Jacinto Herrera,Jacinto Herrera,,-0.5,Male,
José Bonifacio,José Bonifacio,,-0.5,Male,
José Marti,José Marti,,-0.5,Male,
José Martí,José Martí,,-0.5,Male,
Juan A. Samudio,Juan  Samudio,,-0.5,Male,
Juan Bautista Gaona,Juan Bautista Gaona,,-0.5,Male,
Juan de Garay,Juan de Garay,,-0.5,Male,
Juan de Mena,Juan de Mena,,-0.5,Male,
Juan de Mena,Juan de Mena,,-0.5,Male,
Juan de Salazar,Juan de Salazar,,-0.5,Male,
Juan de Salazar y Espinoza,Juan de Salazar y Espinoza,,-0.5,Male,
Juan Díaz de Solis,Juan Díaz de Solis,,-0.5,Male,
Juan Gomez Doldan,Juan Gomez Doldan,,-0.5,Male,
Juan Larrea,Juan Larrea,,-0.5,Male,
Juan Manuel Estrada,Juan Manuel Estrada,,-0.5,Male,
Juan Motta,Juan Motta,,-0.5,Male,
Juan Silvano Godoy,Juan Silvano Godoy,,-0.5,Male,
Juez Enrique Pino,Juez Enrique Pino,,-0.5,Male,
Juez James Bowling,Juez James Bowling,,-0.5,Male,
Julián Alarcón,Julián Alarcón,,-0.5,Male,
Julio Aristides Correa Myzkowsky,Julio Aristides Correa Myzkowsky,,-0.5,Male,
Julio Benitez,Julio Benitez,,-0.5,Male,
Julio Cesar Franco,Julio Cesar Franco,,-0.5,Male,
Julio Correa,Julio Correa,,-0.5,Male,
Julio Sánchez,Julio Sánchez,,-0.5,Male,
Juscelino Kubitschek,Juscelino Kubitschek,,-0.5,Male,
Kurek Martín,Kurek Martín,,-0.5,Male,
Leonismo Fernandino,Leonismo Fernandino,,-0.5,Male,
Liberato Marcial Rojas,Liberato Marcial Rojas,,-0.5,Male,
Liborio Talavera,Liborio Talavera,,-0.5,Male,
Liborio Talavera,Liborio Talavera,,-0.5,Male,
Lord Robert Baden Powell,Lord Robert Baden Powell,,-0.5,Male,
Lorenzo Pérez Vellozo,Lorenzo Pérez Vellozo,,-0.5,Male,
Luis A Del Parana,Luis A Del Parana,,-0.5,Male,
Luis A. del Paraná,Luis  Paraná,,-0.5,Male,
Luis Alberto de Herrera,Luis Alberto de Herrera,,-0.5,Male,
Luis Alberto de Herrera,Luis Alberto de Herrera,,-0.5,Male,
Luis Alberto del Paraná,Luis Alberto del Paraná,,-0.5,Male,
Luis Casartelli,Luis rtelli,,-0.5,Male,
Luis de Bolaños,Luis de Bolaños,,-0.5,Male,
Luis Irrazabal,Luis Irrazabal,,-0.5,Male,
Luis M. Canata,Luis M. Canata,,-0.5,Male,
Luis Morales,Luis Morales,,-0.5,Male,
Luis Patri,Luis Patri,,-0.5,Male,
Luis Resquin,Luis Resquin,,-0.5,Male,
Luis Romero,Luis Romero,,-0.5,Male,
Maestro Félix,Maestro Félix,,-0.5,Male,
Maestro Fermín López,Maestro Fermín López,,-0.5,Male,
Maestro Nicolino Pellegrini,Maestro Nicolino Pellegrini,,-0.5,Male,
Maestro Urcisino Velasco,Maestro Urcisino Velasco,,-0.5,Male,
Maestro Ursicino Velasco,Maestro Ursicino Velasco,,-0.5,Male,
Maneco Galeano,Maneco Galeano,,-0.5,Male,
Maneco Galeano,Maneco Galeano,,-0.5,Male,
Manfred Stark Coscia,Manfred Stark Coscia,,-0.5,Male,
Manfredi Hertelendi,Manfredi Hertelendi,,-0.5,Male,
Manrique,Manrique,,-0.5,Male,
Manuel Alberti,Manuel Alberti,,-0.5,Male,
Manuel Arce,Manuel Arce,,-0.5,Male,
Manuel Atanacio Cabañas,Manuel Atanacio Cabañas,,-0.5,Male,
Manuel Blinder,Manuel Blinder,,-0.5,Male,
Manuel del Castillo y Rada,Manuel Castillo y,,-0.5,Male,
Manuel Dominguez,Manuel Dominguez,,-0.5,Male,
Manuel Dorrego,Manuel Dorrego,,-0.5,Male,
Manuel Ferrer,Manuel Ferrer,,-0.5,Male,
Manuel Gondra,Manuel Gondra,,-0.5,Male,
Manuel Gondra Pereira,Manuel Gondra Pereira,,-0.5,Male,
Manuel Ortiz Guerrero,Manuel Ortiz Guerrero,,-0.5,Male,
Manuel Ortíz Guerrero,Manuel Ortíz Guerrero,,-0.5,Male,
Manuel Ramos Gimenez,Manuel Ramos Gimenez,,-0.5,Male,
Manuel Talavera,Manuel Talavera,,-0.5,Male,
Manuel Talavera,Manuel Talavera,,-0.5,Male,
Marcelino Martínez,Marcelino Martínez,,-0.5,Male,
Marcelo Onieva,Marcelo Onieva,,-0.5,Male,
Marco de Brix,Marco de Brix,,-0.5,Male,
Marco Riera,Marco Riera,,-0.5,Male,
Marco Riera,Marco Riera,,-0.5,Male,
Marco Vera,Marco Vera,,-0.5,Male,
Marconi Estrago,Marconi Estrago,,-0.5,Male,
Marconi Estrago,Marconi Estrago,,-0.5,Male,
Marcos Riera,Marcos Riera,,-0.5,Male,
Mariano Molas,Mariano Molas,,-0.5,Male,
Mariano Roque Alonso,Mariano Roque Alonso,,-0.5,Male,
Mario I. Ortiz R.,Mario I. Ortiz R.,,-0.5,Male,
Mario I. Ortiz Ramirez,Mario I. Ortiz Ramirez,,-0.5,Male,
Mario Z. Meyer,Mario Z. Meyer,,-0.5,Male,
Mariscal Antonio José de Sucre,Mariscal Antonio José de Sucre,,-0.5,Male,
mariscal Antonio José de Sucre,mariscal Antonio José de Sucre,,-0.5,Male,
Mariscal Antonio José de Sucre,Mariscal Antonio José de Sucre,,-0.5,Male,
Mariscal Estigarribia,Mariscal Estigarribia,,-0.5,Male,
Mariscal Francisco Solano López,Mariscal Francisco Solano López,,-0.5,Male,
Mariscal Francisco Solano López,Mariscal Francisco Solano López,,-0.5,Male,
Mariscal Lopez,Mariscal Lopez,,-0.5,Male,
Mariscal López,Mariscal López,,-0.5,Male,
Mariscal Sucre,Mariscal Sucre,,-0.5,Male,
Mateo Estigarribia,Mateo Estigarribia,,-0.5,Male,
Matias Delgado,Matias Delgado,,-0.5,Male,
Mauricio Cardozo Ocampo,Mauricio Cardozo Ocampo,,-0.5,Male,
Mauricio J. Troche,Mauricio J. Troche,,-0.5,Male,
Mayor Albertano Zayas,Mayor Albertano Zayas,,-0.5,Male,
Mayor Albertano Zayas,Mayor Albertano Zayas,,-0.5,Male,
Mayor Alberto Gardell,Mayor Alberto Gardell,,-0.5,Male,
Mayor Blas Fleitas,Mayor Blas Fleitas,,-0.5,Male,
Mayor Boris Casianoff,Mayor Boris Casianoff,,-0.5,Male,
Mayor Carmelo Peralta,Mayor Carmelo Peralta,,-0.5,Male,
Mayor Emilio Pastore,Mayor Emilio Pastore,,-0.5,Male,
Mayor Emilio Pastore,Mayor Emilio Pastore,,-0.5,Male,
Mayor Enrique Sánchez,Mayor Enrique Sánchez,,-0.5,Male,
Mayor Eustacio Rojas,Mayor Eustacio Rojas,,-0.5,Male,
Mayor Evacio Perinciolo Merlo,Mayor Evacio Perinciolo Merlo,,-0.5,Male,
Mayor Francisco Vargas,Mayor Francisco Vargas,,-0.5,Male,
Mayor Francisco Vargas,Mayor Francisco Vargas,,-0.5,Male,
Mayor Graciano Barboza,Mayor Graciano Barboza,,-0.5,Male,
Mayor Hilario Amarilla,Mayor Hilario Amarilla,,-0.5,Male,
Mayor Julio Otaño,Mayor Julio Otaño,,-0.5,Male,
Mayor Leandro Aponte,Mayor Leandro Aponte,,-0.5,Male,
Mayor Mateo Martinocich,Mayor Mateo Martinocich,,-0.5,Male,
Mayor Nicolás Arguello,Mayor Nicolás Arguello,,-0.5,Male,
Mayor Nicolás Goldschmidt (Rene Diaz),Mayor Nicolás Goldschmidt (Rene Diaz),,-0.5,Male,
Mayor Pablo Lagerenza,Mayor Pablo Lagerenza,,-0.5,Male,
Mayor Ramón Avalos Sánchez,Mayor Ramón alos Sánchez,,-0.5,Male,
Mayor Rufino Pampliega,Mayor Rufino Pampliega,,-0.5,Male,
Mayor Sebastián Bullo,Mayor Sebastián Bullo,,-0.5,Male,
Mayor Sinforiano Rodriguez,Mayor Sinforiano Rodriguez,,-0.5,Male,
"Mayor Tomás Rufinelli, Luque, Central, Paraguay","Mayor Tomás Rufinelli, Luque, , Paraguay",,-0.5,Male,
Moisés Bertón,Moisés Bertón,,-0.5,Male,
Moises Bertoni,Moises Bertoni,,-0.5,Male,
Moisés Bertoni,Moisés Bertoni,,-0.5,Male,
Moisés Bertoni,Moisés Bertoni,,-0.5,Male,
Monseñor Juan Bogarín,Monseñor Juan Bogarín,,-0.5,Male,
monseñor Juan Bogarín,monseñor Juan Bogarín,,-0.5,Male,
Monseñor Virgilio Roa,Monseñor Virgilio Roa,,-0.5,Male,
Monseñor Virgilio Roa,Monseñor Virgilio Roa,,-0.5,Male,
Moreno,Moreno,,-0.5,Male,
Napoleón Ortigoza,Napoleón Ortigoza,,-0.5,Male,
Narciso Colman,Narciso Colman,,-0.5,Male,
Narciso Colman,Narciso Colman,,-0.5,Male,
Natalicio González,Natalicio González,,-0.5,Male,
Natalicio Talavera,Natalicio Talavera,,-0.5,Male,
Natalicio Talavera,Natalicio Talavera,,-0.5,Male,
Nazareno,Nazareno,,-0.5,Male,
Nicasio Villalba,Nicasio lba,,-0.5,Male,
Olegario Victor Andrade,Olegario Victor Andrade,,-0.5,Male,
Olegario Victor Andrade,Olegario Victor Andrade,,-0.5,Male,
Olegario Víctor Andrade,Olegario Víctor Andrade,,-0.5,Male,
"Orlando Salerno Netto, Luque, Central, Paraguay","Orlando Salerno Netto, Luque, , Paraguay",,-0.5,Male,
Oscar Bottana,Oscar Bottana,,-0.5,Male,
Óscar Escobar,Óscar Escobar,,-0.5,Male,
Osvaldo Heisecke Ferreira,Osvaldo Heisecke Ferreira,,-0.5,Male,
Ovidio Javier Talavera,Ovidio Javier Talavera,,-0.5,Male,
Pa'i Marcos,Pa'i Marcos,,-0.5,Male,
Pa'i Pérez,Pa'i Pérez,,-0.5,Male,
Pablo Neruda,Pablo Neruda,,-0.5,Male,
Padre Juan Cassanello,Padre Juan Cassanello,,-0.5,Male,
Padre Rafael Elizeche,Padre Rafael Elizeche,,-0.5,Male,
Panchito Lopez,Panchito Lopez,,-0.5,Male,
Pasaje Capitán Antonio Tomas Yegros,Capitán Antonio Tomas Yegros,,-0.5,Male,
Pasaje Facundo Recalde,Facundo Recalde,,-0.5,Male,
Pasaje Padre Antonio Levera,Padre Antonio Levera,,-0.5,Male,
Pascual Ramon Casco,Pascual Ramon Casco,,-0.5,Male,
Pascual Toledo,Pascual Toledo,,-0.5,Male,
Pascualino,Pascualino,,-0.5,Male,
Paseo del Rey,Rey,,-0.5,Male,
Pastor Filartiga,Pastor Filartiga,,-0.5,Male,
Paul Harris,Paul Harris,,-0.5,Male,
Pedro Blasio de Testanova,Pedro Blasio de Testanova,,-0.5,Male,
Pedro García,Pedro García,,-0.5,Male,
Pedro Juan Caballero,Pedro Juan Caballero,,-0.5,Male,
Pedro Melo de Portugal,Pedro Melo de Portugal,,-0.5,Male,
Pedro P. Peña,Pedro P. Peña,,-0.5,Male,
Pedro Ramírez,Pedro Ramírez,,-0.5,Male,
Pérez Uribe,Pérez Uribe,,-0.5,Male,
Policarpo Cañete,Policarpo Cañete,,-0.5,Male,
Ponta Pora,Ponta Pora,,-0.5,Male,
Prócer Juan Manuel Iturbe,Prócer Juan Manuel Iturbe,,-0.5,Male,
Prócer Pedro Alcántara,Prócer Pedro Alcántara,,-0.5,Male,
prócer Pedro Alcántara,prócer Pedro Alcántara,,-0.5,Male,
Profesor Alfonso Campos,Profesor Alfonso Campos,,-0.5,Male,
Profesor Antonio González Rioboo,Profesor Antonio González Rioboo,,-0.5,Male,
Profesor Antonio Maidana,Profesor Antonio Maidana,,-0.5,Male,
Profesor Carlos Dos Santos,Profesor Carlos Dos Santos,,-0.5,Male,
Profesor Conradi,Profesor Conradi,,-0.5,Male,
Profesor Doctor Crispín Insaurralde,Profesor Doctor Crispín Insaurralde,,-0.5,Male,
Profesor Doctor Luis Alberto Garcete,Profesor Doctor Luis Alberto Garcete,,-0.5,Male,
Profesor Doctor Luis Argaña,Profesor Doctor Luis Argaña,,-0.5,Male,
Profesor Doctor Mario Mariotti,Profesor Doctor Mario Mariotti,,-0.5,Male,
Profesor Doctor Pedro Ciancio,Profesor Doctor Pedro Ciancio,,-0.5,Male,
Profesor Doctor Viriato Díaz,Profesor Doctor Viriato Díaz,,-0.5,Male,
Profesor Emiliano Gómes Rios,Profesor Emiliano Gómes Rios,,-0.5,Male,
Profesor Francisco Chávez,Profesor Francisco Chávez,,-0.5,Male,
Profesor Guillermo Leoz,Profesor Guillermo Leoz,,-0.5,Male,
Profesor Ingeniero Francisco Fernández,Profesor Ingeniero Francisco Fernández,,-0.5,Male,
Profesor Ingeniero Francisco Fernández,Profesor Ingeniero Francisco Fernández,,-0.5,Male,
Profesor Ingeniero Nicolás Krisvoschein,Profesor Ingeniero Nicolás Krisvoschein,,-0.5,Male,
profesor Inocencio Lezcano,profesor Inocencio Lezcano,,-0.5,Male,
Profesor Juan Carlos Moreno Gonzalez,Profesor Juan Carlos Moreno Gonzalez,,-0.5,Male,
Profesor Juan Max Boettner,Profesor Juan Max Boettner,,-0.5,Male,
Profesor Juan Ramón Chavez,Profesor Juan Ramón Chavez,,-0.5,Male,
Profesor Manuel Amarilla,Profesor Manuel Amarilla,,-0.5,Male,
Profesor Manuel Riquelme,Profesor Manuel Riquelme,,-0.5,Male,
Profesor Mario Ignacio Ortiz Ramirez,Profesor Mario Ignacio Ortiz Ramirez,,-0.5,Male,
Profesor Pedro Moliniers,Profesor Pedro Moliniers,,-0.5,Male,
Profesor Ramírez,Profesor Ramírez,,-0.5,Male,
Profesor Rómulo Feliciangeli,Profesor Rómulo Feliciangeli,,-0.5,Male,
profesor Sergio Sispanov,profesor Sergio Sispanov,,-0.5,Male,
Rafael Barret,Rafael Barret,,-0.5,Male,
Rafael Barret,Rafael Barret,,-0.5,Male,
Rafael de la Moneda,Rafael de la Moneda,,-0.5,Male,
Rafael Materi,Rafael Materi,,-0.5,Male,
Ralf Gehre,Ralf Gehre,,-0.5,Male,
Ramon Frizzola,Ramon Frizzola,,-0.5,Male,
Ramon Indalecio Cardozo,Ramon Indalecio Cardozo,,-0.5,Male,
Ramon Reyes,Ramon Reyes,,-0.5,Male,
Rancho Grande,Rancho Grande,,-0.5,Male,
Raúl Carmona,Raúl Carmona,,-0.5,Male,
Raúl Carmona,Raúl Carmona,,-0.5,Male,
Remberto Gimenez,Remberto Gimenez,,-0.5,Male,
Remigio Martinez,Remigio Martinez,,-0.5,Male,
Remigio Mazo,Remigio Mazo,,-0.5,Male,
Rigoberto Fontao Meza,Rigoberto Fontao Meza,,-0.5,Male,
Roque Gaona,Roque Gaona,,-0.5,Male,
Roque González de Santa Cruz,Roque González de Santa Cruz,,-0.5,Male,
Roque Sáenz Peña,Roque Sáenz Peña,,-0.5,Male,
Rotonda Avenida Francisco Bogarín,Rotonda  Francisco Bogarín,,-0.5,Male,
San Agustín,San Agustín,,-0.5,Male,
San Antonio,San Antonio,,-0.5,Male,
San Antonio,San Antonio,,-0.5,Male,
San Francisco,San Francisco,,-0.5,Male,
San Francisco,San Francisco,,-0.5,Male,
San Isidro,San Isidro,,-0.5,Male,
San José,San José,,-0.5,Male,
San Juan,San Juan,,-0.5,Male,
San Justo,San Justo,,-0.5,Male,
San Martín,San Martín,,-0.5,Male,
San Miguel,San Miguel,,-0.5,Male,
San Miguel,San Miguel,,-0.5,Male,
San Nicolás,San Nicolás,,-0.5,Male,
San Pablo,San Pablo,,-0.5,Male,
Santo Domingo,Santo Domingo,,-0.5,Male,
Santo Domingo,Santo Domingo,,-0.5,Male,
Santo Tomás,Santo Tomás,,-0.5,Male,
Sarento Benitez,Sarento Benitez,,-0.5,Male,
Sargento Aguilera,Sargento Aguilera,,-0.5,Male,
Sargento Cabral,Sargento Cabral,,-0.5,Male,
Sargento Clemente Rojas,Sargento Clemente Rojas,,-0.5,Male,
Sargento Esteban Martínez,Sargento Esteban Martínez,,-0.5,Male,
Sargento Francisco Cánida,Sargento Francisco Cánida,,-0.5,Male,
Sargento Francisco Cánida,Sargento Francisco Cánida,,-0.5,Male,
Sargento Juan F. Pereira,Sargento Juan F. Pereira,,-0.5,Male,
Sargento Juan Isfran,Sargento Juan Isfran,,-0.5,Male,
Sargento Penayo,Sargento Penayo,,-0.5,Male,
sargento primero Benito Martínez,sargento primero Benito Martínez,,-0.5,Male,
sargento primero Casiano Villanueva,sargento primero Casiano nueva,,-0.5,Male,
Sargento Primero Eladio Galeano,Sargento Primero Eladio Galeano,,-0.5,Male,
Sargento Primero Eliodoro Fernandez,Sargento Primero Eliodoro Fernandez,,-0.5,Male,
Sargento Primero Eulogio Florentin,Sargento Primero Eulogio Florentin,,-0.5,Male,
Sargento Primero Gualberto Villamayor,Sargento Primero Gualberto mayor,,-0.5,Male,
sargento primero Juan Ramón Céspedes,sargento primero Juan Ramón Céspedes,,-0.5,Male,
Sargento Primero Lorenzo Ayala Rolón,Sargento Primero Lorenzo Ayala Rolón,,-0.5,Male,
Sargento Primero Manuel Benitez,Sargento Primero Manuel Benitez,,-0.5,Male,
Sargento Primero Manuel Benítez,Sargento Primero Manuel Benítez,,-0.5,Male,
Sargento primero Manuel Benítez,Sargento primero Manuel Benítez,,-0.5,Male,
sargento primero Manuel Benítez,sargento primero Manuel Benítez,,-0.5,Male,
Sargento Primero Manuel Pisciota,Sargento Primero Manuel Pisciota,,-0.5,Male,
Sargento Primero Manuel Pisciota,Sargento Primero Manuel Pisciota,,-0.5,Male,
Sargento primero Tomas Lombardo,Sargento primero Tomas Lombardo,,-0.5,Male,
sargento primero Tomas Lombardo,sargento primero Tomas Lombardo,,-0.5,Male,
Sargento Primero Tomas Lombardo,Sargento Primero Tomas Lombardo,,-0.5,Male,
Sargento Primero Victoriano Alvarenga,Sargento Primero Victoriano Alvarenga,,-0.5,Male,
sargento Sergio Martínez,sargento Sergio Martínez,,-0.5,Male,
Sarmiento,Sarmiento,,-0.5,Male,
Saturio Rios,Saturio Rios,,-0.5,Male,
Segunda Capital,Capital,,-0.5,Male,
Senador Flecha,Senador Flecha,,-0.5,Male,
Sgto Castro,Sgto Castro,,-0.5,Male,
Sgto. Francisco Cánida,Sgto. Francisco Cánida,,-0.5,Male,
Silvano Godoy,Silvano Godoy,,-0.5,Male,
Silvano Mosqueira,Silvano Mosqueira,,-0.5,Male,
Silvio Amado Macias,Silvio Amado Macias,,-0.5,Male,
Silvio Pettirossi,Silvio Pettirossi,,-0.5,Male,
Simon Bolivar,Simon Bolivar,,-0.5,Male,
Simon Bolivar,Simon Bolivar,,-0.5,Male,
Sinforiano Buzó Gómez,Sinforiano Buzó Gómez,,-0.5,Male,
Soldado Argentino,Soldado Argentino,,-0.5,Male,
Soldado Desconocido,Soldado Desconocido,,-0.5,Male,
Soldado Ovelar,Soldado Ovelar,,-0.5,Male,
Soldado Ovelar,Soldado Ovelar,,-0.5,Male,
Soldado Paraguayo,Soldado Paraguayo,,-0.5,Male,
Sotero Colman,Sotero Colman,,-0.5,Male,
Teniente Adolfo Rojas Silva,Teniente Adolfo Rojas Silva,,-0.5,Male,
Teniente Agapito Morel,Teniente Agapito Morel,,-0.5,Male,
Teniente Aguirre,Teniente Aguirre,,-0.5,Male,
Teniente Alberto Ettiene,Teniente Alberto Ettiene,,-0.5,Male,
Teniente Alberto Ettiene,Teniente Alberto Ettiene,,-0.5,Male,
Teniente Alejandro Monjes,Teniente Alejandro Monjes,,-0.5,Male,
Teniente Alejandro Raviza,Teniente Alejandro Raviza,,-0.5,Male,
Teniente Alfredo Nuñez Velloso,Teniente Alfredo Nuñez Velloso,,-0.5,Male,
Teniente Alfredo Samaniego,Teniente Alfredo Samaniego,,-0.5,Male,
Teniente Almada,Teniente Almada,,-0.5,Male,
Teniente Andino,Teniente Andino,,-0.5,Male,
Teniente Anibal C. Anasco,Teniente Anibal  Anasco,,-0.5,Male,
Teniente Atanasio Delgado,Teniente Atanasio Delgado,,-0.5,Male,
Teniente Basilio Malutín,Teniente Basilio Malutín,,-0.5,Male,
Teniente Benítez,Teniente Benítez,,-0.5,Male,
Teniente Bernabé González,Teniente Bernabé González,,-0.5,Male,
Teniente Bernal,Teniente Bernal,,-0.5,Male,
Teniente Carlos Rocholl,Teniente Carlos Rocholl,,-0.5,Male,
Teniente Celestino Prieto,Teniente Celestino Prieto,,-0.5,Male,
Teniente César Díaz Pefaur,Teniente César Díaz Pefaur,,-0.5,Male,
Teniente César Velázquez,Teniente César Velázquez,,-0.5,Male,
Teniente Cirilo Hill,Teniente Cirilo Hill,,-0.5,Male,
Teniente Clodomiro Suárez,Teniente Clodomiro Suárez,,-0.5,Male,
Teniente Coronel Cezar Lopez,Teniente Coronel Cezar Lopez,,-0.5,Male,
Teniente Coronel Cirilo Gill,Teniente Coronel Cirilo Gill,,-0.5,Male,
Teniente Coronel Eugenio Ayala Velázquez,Teniente Coronel Eugenio Ayala Velázquez,,-0.5,Male,
Teniente Coronel Mario López Decoud,Teniente Coronel Mario López Decoud,,-0.5,Male,
Teniente Coronel Mauricio Escobar,Teniente Coronel Mauricio Escobar,,-0.5,Male,
Teniente Coronel Timoteo Aguirre,Teniente Coronel Timoteo Aguirre,,-0.5,Male,
Teniente Dámaso Sosa Valdez,Teniente Dámaso Sosa Valdez,,-0.5,Male,
Teniente Edmundo Dávalos,Teniente Edmundo Dávalos,,-0.5,Male,
Teniente Efraín Alegre,Teniente Efraín Alegre,,-0.5,Male,
Teniente Emilio Castilar,Teniente Emilio Castilar,,-0.5,Male,
Teniente Enciso,Teniente Enciso,,-0.5,Male,
Teniente Enrique Ruiz,Teniente Enrique Ruiz,,-0.5,Male,
Teniente Ernesto Franco,Teniente Ernesto Franco,,-0.5,Male,
Teniente Espinola,Teniente Espinola,,-0.5,Male,
Teniente Eugenio Fernández,Teniente Eugenio Fernández,,-0.5,Male,
Teniente Ezequiel Robles,Teniente Ezequiel Robles,,-0.5,Male,
Teniente Ezequiel Solís,Teniente Ezequiel Solís,,-0.5,Male,
Teniente Federico Delgado,Teniente Federico Delgado,,-0.5,Male,
Teniente Félix Cañete,Teniente Félix Cañete,,-0.5,Male,
Teniente Fernando Delvalle,Teniente Fernando Delvalle,,-0.5,Male,
Teniente Fernando Velazquez,Teniente Fernando Velazquez,,-0.5,Male,
Teniente Filgueira,Teniente Filgueira,,-0.5,Male,
Teniente Florentin,Teniente Florentin,,-0.5,Male,
Teniente Francisco Deldago,Teniente Francisco Deldago,,-0.5,Male,
Teniente Francisco Escurra,Teniente Francisco Escurra,,-0.5,Male,
Teniente Francisco Jara Méndez,Teniente Francisco Jara Méndez,,-0.5,Male,
Teniente Genaro Ruiz,Teniente Genaro Ruiz,,-0.5,Male,
Teniente Gilberto Chirife,Teniente Gilberto Chirife,,-0.5,Male,
Teniente Gilberto López Fretes,Teniente Gilberto López Fretes,,-0.5,Male,
Teniente González,Teniente González,,-0.5,Male,
Teniente Gregorio Narváez,Teniente Gregorio Narváez,,-0.5,Male,
Teniente Guillermo Arias,Teniente Guillermo Arias,,-0.5,Male,
Teniente Heber,Teniente Heber,,-0.5,Male,
Teniente Heriberto Frutos Brun,Teniente Heriberto Frutos Brun,,-0.5,Male,
Teniente Herminio Fretes,Teniente Herminio Fretes,,-0.5,Male,
Teniente Herrero Bueno,Teniente Herrero Bueno,,-0.5,Male,
Teniente Huerta,Teniente Huerta,,-0.5,Male,
Teniente Insfran,Teniente Insfran,,-0.5,Male,
Teniente Jorge Von Horoch,Teniente Jorge Von Horoch,,-0.5,Male,
Teniente Juan A. Rivas,Teniente Juan  Rivas,,-0.5,Male,
Teniente Juan Alcorta,Teniente Juan Alcorta,,-0.5,Male,
Teniente Juan Ramón Gimenez,Teniente Juan Ramón Gimenez,,-0.5,Male,
Teniente Juan Rojas,Teniente Juan Rojas,,-0.5,Male,
Teniente Juan Rojas,Teniente Juan Rojas,,-0.5,Male,
Teniente Julio Flores,Teniente Julio Flores,,-0.5,Male,
Teniente Lancelot,Teniente Lancelot,,-0.5,Male,
Teniente Lidio Cantalupi,Teniente Lidio Cantalupi,,-0.5,Male,
Teniente Manuel Cabello Molina,Teniente Manuel Cabello Molina,,-0.5,Male,
Teniente Manuel Irala Fernández,Teniente Manuel Irala Fernández,,-0.5,Male,
Teniente Manuel Molinas,Teniente Manuel Molinas,,-0.5,Male,
Teniente Manuel Pino Gonzalez,Teniente Manuel Pino Gonzalez,,-0.5,Male,
Teniente Marcos Nuñez,Teniente Marcos Nuñez,,-0.5,Male,
Teniente Maschio,Teniente Maschio,,-0.5,Male,
Teniente Mendoza,Teniente Mendoza,,-0.5,Male,
Teniente Miño,Teniente Miño,,-0.5,Male,
Teniente Molas,Teniente Molas,,-0.5,Male,
Teniente Morel,Teniente Morel,,-0.5,Male,
Teniente Moreno,Teniente Moreno,,-0.5,Male,
Teniente Nevy Quevedo,Teniente Nevy Quevedo,,-0.5,Male,
Teniente Nicasio Insaurralde,Teniente Nicasio Insaurralde,,-0.5,Male,
Teniente Octavio Bosch,Teniente Octavio Bosch,,-0.5,Male,
Teniente Óscar Caballero Lopez,Teniente Óscar Caballero Lopez,,-0.5,Male,
Teniente Oscar Carreras Saguier,Teniente Oscar Carreras Saguier,,-0.5,Male,
Teniente Óscar Otazú,Teniente Óscar Otazú,,-0.5,Male,
Teniente Pantaleon Aguirre,Teniente Pantaleon Aguirre,,-0.5,Male,
Teniente Pastor Ibañez,Teniente Pastor Ibañez,,-0.5,Male,
Teniente Pedro Rodi,Teniente Pedro Rodi,,-0.5,Male,
Teniente Porfirio Zaldívar,Teniente Porfirio Zaldívar,,-0.5,Male,
Teniente Primero Adalberto Ramirez Franco,Teniente Primero Adalberto Ramirez Franco,,-0.5,Male,
Teniente Primero Adalberto Ramirez Franco,Teniente Primero Adalberto Ramirez Franco,,-0.5,Male,
Teniente Primero Alejandro Riveros,Teniente Primero Alejandro Riveros,,-0.5,Male,
Teniente Primero Américo López,Teniente Primero Américo López,,-0.5,Male,
Teniente Primero Antonio Camperchioli,Teniente Primero Antonio Camperchioli,,-0.5,Male,
Teniente Primero Antonio Samudio,Teniente Primero Antonio Samudio,,-0.5,Male,
Teniente Primero Benito Sánchez Leiton,Teniente Primero Benito Sánchez Leiton,,-0.5,Male,
Teniente Primero Blas A. Jimenez,Teniente Primero Blas  Jimenez,,-0.5,Male,
Teniente Primero Cayetano RIvarola,Teniente Primero Cayetano RIvarola,,-0.5,Male,
Teniente Primero Cesar Hipólito Medina,Teniente Primero Cesar Hipólito Medina,,-0.5,Male,
Teniente Primero Coronel Albino Jara Benegas,Teniente Primero Coronel Albino Jara Benegas,,-0.5,Male,
Teniente Primero Demetrio Araujo Miño,Teniente Primero Demetrio Araujo Miño,,-0.5,Male,
Teniente Primero Diomedes Castro Chamorro,Teniente Primero Diomedes Castro Chamorro,,-0.5,Male,
Teniente Primero Eladio Benitez,Teniente Primero Eladio Benitez,,-0.5,Male,
Teniente Primero Eladio Benítez,Teniente Primero Eladio Benítez,,-0.5,Male,
Teniente Primero Euclides Rolón,Teniente Primero Euclides Rolón,,-0.5,Male,
Teniente Primero Eugenio Alejandrino Garay Argaña,Teniente Primero Eugenio Alejandrino Garay Argaña,,-0.5,Male,
Teniente Primero Francisco Cowlan,Teniente Primero Francisco Cowlan,,-0.5,Male,
Teniente Primero Francisco Niederberger,Teniente Primero Francisco Niederberger,,-0.5,Male,
Teniente Primero Gregorio Villalba,Teniente Primero Gregorio lba,,-0.5,Male,
Teniente Primero Guillermo Garcete,Teniente Primero Guillermo Garcete,,-0.5,Male,
Teniente Primero Gumersindo Sosa,Teniente Primero Gumersindo Sosa,,-0.5,Male,
Teniente Primero Herminio Paredes,Teniente Primero Herminio Paredes,,-0.5,Male,
Teniente Primero Juan R. Herreros,Teniente Primero Juan R. Herreros,,-0.5,Male,
Teniente Primero Juan Ramón Lesme,Teniente Primero Juan Ramón Lesme,,-0.5,Male,
Teniente Primero Juan Ventre,Teniente Primero Juan Ventre,,-0.5,Male,
Teniente Primero Julio Martínez Ramella,Teniente Primero Julio Martínez Ramella,,-0.5,Male,
Teniente Primero Lorenzo Aguilar,Teniente Primero Lorenzo Aguilar,,-0.5,Male,
Teniente Primero Luis Tuyá,Teniente Primero Luis Tuyá,,-0.5,Male,
Teniente Primero Miguel Ángel Jara Troche,Teniente Primero Miguel Ángel Jara Troche,,-0.5,Male,
Teniente Primero Monico Candia,Teniente Primero Monico Candia,,-0.5,Male,
Teniente Primero Mónico Candia,Teniente Primero Mónico Candia,,-0.5,Male,
Teniente Primero Nemesio Quiñonez,Teniente Primero Nemesio Quiñonez,,-0.5,Male,
Teniente Primero Nicolás Cazenave,Teniente Primero Nicolás Cazenave,,-0.5,Male,
Teniente Primero Olimpo Escobar,Teniente Primero Olimpo Escobar,,-0.5,Male,
Teniente Primero Pedro Ballota Zarate,Teniente Primero Pedro Ballota Zarate,,-0.5,Male,
Teniente Primero Ramón Gaspar Zabala,Teniente Primero Ramón Gaspar Zabala,,-0.5,Male,
Teniente Primero Roque Cabrera Haedo,Teniente Primero Roque Cabrera Haedo,,-0.5,Male,
Teniente Primero Ruben Guido Galearzzi,Teniente Primero Ruben Guido Galearzzi,,-0.5,Male,
Teniente Primero Salvador Funes,Teniente Primero Salvador Funes,,-0.5,Male,
Teniente Primero Salvador Oviedo,Teniente Primero Salvador Oviedo,,-0.5,Male,
Teniente Primero Sergio Escobar,Teniente Primero Sergio Escobar,,-0.5,Male,
Teniente Primero Silverio Molinas,Teniente Primero Silverio Molinas,,-0.5,Male,
Teniente Primero Sindulfo Casco,Teniente Primero Sindulfo Casco,,-0.5,Male,
Teniente Primero Teofilo del Puerto,Teniente Primero Teofilo del,,-0.5,Male,
Teniente Primero Venancio Rios,Teniente Primero Venancio Rios,,-0.5,Male,
Teniente Primero Vicente Oddone,Teniente Primero Vicente Oddone,,-0.5,Male,
Teniente Primero Victor Bareiro,Teniente Primero Victor Bareiro,,-0.5,Male,
Teniente Primero Victor Hugo Heyn,Teniente Primero Victor Hugo Heyn,,-0.5,Male,
Teniente Primero Victor Rodriguez,Teniente Primero Victor Rodriguez,,-0.5,Male,
Teniente Primero Virgilio Molas,Teniente Primero Virgilio Molas,,-0.5,Male,
Teniente Primero Virgilio Pessolani,Teniente Primero Virgilio Pessolani,,-0.5,Male,
Teniente Primero Virgilio Pessolani,Teniente Primero Virgilio Pessolani,,-0.5,Male,
Teniente Primero Vsevolod Kanonnikoff,Teniente Primero Vsevolod Kanonnikoff,,-0.5,Male,
Teniente primero Vsevolod Kanonnikoff,Teniente primero Vsevolod Kanonnikoff,,-0.5,Male,
Teniente Quiñonos,Teniente Quiñonos,,-0.5,Male,
Teniente Ramón Gómez,Teniente Ramón Gómez,,-0.5,Male,
Teniente Raúl Buzarquis Real,Teniente Raúl Buzarquis,,-0.5,Male,
Teniente Ricardo Caballero,Teniente Ricardo Caballero,,-0.5,Male,
Teniente Ricardo Cocco Riveros,Teniente Ricardo Cocco Riveros,,-0.5,Male,
Teniente Riquelme,Teniente Riquelme,,-0.5,Male,
Teniente Rivarola,Teniente Rivarola,,-0.5,Male,
Teniente Rivarola,Teniente Rivarola,,-0.5,Male,
Teniente Rivas,Teniente Rivas,,-0.5,Male,
Teniente Robustiano Esquivel,Teniente Robustiano Esquivel,,-0.5,Male,
Teniente Rodolfo Zotti,Teniente Rodolfo Zotti,,-0.5,Male,
Teniente Rogelio Santacruz,Teniente Rogelio Santacruz,,-0.5,Male,
Teniente Rojas,Teniente Rojas,,-0.5,Male,
Teniente Romulo Rios,Teniente Romulo Rios,,-0.5,Male,
Teniente Salvador Prats Gill,Teniente Salvador Prats Gill,,-0.5,Male,
Teniente Segundo Alejandrino Martinez,Teniente Segundo Alejandrino Martinez,,-0.5,Male,
Teniente Segundo Alejandro Monges,Teniente Segundo Alejandro Monges,,-0.5,Male,
Teniente Segundo Alejandro Monges,Teniente Segundo Alejandro Monges,,-0.5,Male,
Teniente Segundo Benigno Cáceres,Teniente Segundo Benigno Cáceres,,-0.5,Male,
Teniente Segundo Benigno Villamayor,Teniente Segundo Benigno mayor,,-0.5,Male,
Teniente Segundo Carlos S. Alcaraz,Teniente Segundo Carlos S. Alcaraz,,-0.5,Male,
Teniente Segundo Eladio Escobar,Teniente Segundo Eladio Escobar,,-0.5,Male,
Teniente Segundo Enrique Velázquez,Teniente Segundo Enrique Velázquez,,-0.5,Male,
Teniente Segundo Gorgonio Ross,Teniente Segundo Gorgonio Ross,,-0.5,Male,
Teniente Segundo Jorge Alcorta,Teniente Segundo Jorge Alcorta,,-0.5,Male,
Teniente Segundo Jorge Martinez Sánchez,Teniente Segundo Jorge Martinez Sánchez,,-0.5,Male,
Teniente Segundo Juan Arce Rojas,Teniente Segundo Juan Arce Rojas,,-0.5,Male,
Teniente Segundo Juan Benítez,Teniente Segundo Juan Benítez,,-0.5,Male,
Teniente Segundo Julio Macchio,Teniente Segundo Julio Macchio,,-0.5,Male,
Teniente Segundo Maximino Caballero,Teniente Segundo Maximino Caballero,,-0.5,Male,
Teniente Segundo Miguel Rojas,Teniente Segundo Miguel Rojas,,-0.5,Male,
Teniente Segundo Roberto Rueda,Teniente Segundo Roberto Rueda,,-0.5,Male,
Teniente Segundo Rufino Cañete,Teniente Segundo Rufino Cañete,,-0.5,Male,
Teniente Segundo Sebastian Bauza,Teniente Segundo Sebastian Bauza,,-0.5,Male,
Teniente Segundo Silvio Cabrera Ruiz,Teniente Segundo Silvio Cabrera Ruiz,,-0.5,Male,
Teniente Segundo Victoriano Acuña,Teniente Segundo Victoriano Acuña,,-0.5,Male,
Teniente Tortola,Teniente Tortola,,-0.5,Male,
Teniente Valejo,Teniente Valejo,,-0.5,Male,
Teniente Vicente Bueongermini,Teniente Vicente Bueongermini,,-0.5,Male,
Teniente Vicente Jara,Teniente Vicente Jara,,-0.5,Male,
Teniente Vicente Rolón Viera,Teniente Vicente Rolón Viera,,-0.5,Male,
Teniente Zavala,Teniente Zavala,,-0.5,Male,
teniernte primero Antonio Samudio,teniernte primero Antonio Samudio,,-0.5,Male,
Teodoro Salvador Mongelos,Teodoro Salvador Mongelos,,-0.5,Male,
Urcisino Velazco,Urcisino Velazco,,-0.5,Male,
Usher Rios,Usher Rios,,-0.5,Male,
Valdez Verón,Valdez Verón,,-0.5,Male,
Valeriano Zeballos,Valeriano Zeballos,,-0.5,Male,
Vargas Saldivar,Vargas Saldivar,,-0.5,Male,
Villa del Rey,Rey,,-0.5,Male,
Vivaldi,Vivaldi,,-0.5,Male,
Voltaire,Voltaire,,-0.5,Male,
Washington,Washington,,-0.5,Male,
Wenceslao Velilla,Wenceslao Velilla,,-0.5,Male,
Alferez Victoriano Silva,Alferez Victoriano Silva,,-0.49,Male,
alferez Victoriano Silva,alferez Victoriano Silva,,-0.49,Male,
Allen Gomez,Allen Gomez,,-0.49,Male,
Amador de Montoya,Amador de Montoya,,-0.49,Male,
Andrés Gill,Andrés Gill,,-0.49,Male,
Avenida Salim Yubi,Salim Yubi,,-0.49,Male,
Cabo Primero Feliciano Marecos,Cabo Primero Feliciano Marecos,,-0.49,Male,
Cadete Ernesto Velazquez,Cadete Ernesto Velazquez,,-0.49,Male,
Calle Pai Marcos,Pai Marcos,,-0.49,Male,
Capitán Denis Roa,Capitán Denis Roa,,-0.49,Male,
Capitán Jose del Rosario Miranda,Capitán Jose del Rosario Miranda,,-0.49,Male,
Capitán Walter Gwynn,Capitán Walter Gwynn,,-0.49,Male,
Colon,Colon,,-0.49,Male,
Coronel Alcides Basualdo,Coronel Alcides Basualdo,,-0.49,Male,
Coronel Pedro Gracia,Coronel Pedro Gracia,,-0.49,Male,
Delfin Arguello,Delfin Arguello,,-0.49,Male,
Delfin Chamorro,Delfin Chamorro,,-0.49,Male,
Doctor Alexander Fleming,Doctor Alexander Fleming,,-0.49,Male,
Doctor Gabriel Pellon,Doctor Gabriel Pellon,,-0.49,Male,
Doctor Gabriel Pellon,Doctor Gabriel Pellon,,-0.49,Male,
Doctor Jose Zacarías Arza,Doctor Jose Zacarías Arza,,-0.49,Male,
Doctor Martinez Yaryes,Doctor Martinez Yaryes,,-0.49,Male,
don Americo Perinciolo Merlo,don Americo Perinciolo Merlo,,-0.49,Male,
Don Americo Perinciolo Merlo,Don Americo Perinciolo Merlo,,-0.49,Male,
Don Antonio Planás,Don Antonio Planás,,-0.49,Male,
don Antonio Planás,don Antonio Planás,,-0.49,Male,
Don Carlos A. Pastore,Don Carlos  Pastore,,-0.49,Male,
Don Espiritu Aranda,Don Espiritu Aranda,,-0.49,Male,
Don Hermann Gmeiner,Don Hermann Gmeiner,,-0.49,Male,
Don Luis Guanella,Don Luis Guanella,,-0.49,Male,
Don Marcelo Onieva,Don Marcelo Onieva,,-0.49,Male,
Don Osvaldo Kallsen,Don Osvaldo Kallsen,,-0.49,Male,
Don Salvador Guanes,Don Salvador Guanes,,-0.49,Male,
Don Soriano Gonzalez,Don Soriano Gonzalez,,-0.49,Male,
Don Soriano González,Don Soriano González,,-0.49,Male,
Emiliano R. Fernandez,Emiliano R. Fernandez,,-0.49,Male,
Emiliano R. Fernandez,Emiliano R. Fernandez,,-0.49,Male,
Emiliano R. Fernández,Emiliano R. Fernández,,-0.49,Male,
Felix de Azara,Felix de Azara,,-0.49,Male,
Fidel Maiz,Fidel Maiz,,-0.49,Male,
Fidel Maíz,Fidel Maíz,,-0.49,Male,
Gabriel Casaccia,Gabriel ccia,,-0.49,Male,
Gaspar R. de Francia,Gaspar R. de Francia,,-0.49,Male,
General de División Francisco Caballero Alvarez,General de División Francisco Caballero Alvarez,,-0.49,Male,
General Jose Eduvigis Diaz,General Jose Eduvigis Diaz,,-0.49,Male,
Jose Asunción Flores,Jose Asunción Flores,,-0.49,Male,
Jose de Antequera y Castro,Jose de Antequera y Castro,,-0.49,Male,
Jose de la Cruz Franco Granado,Jose de la Cruz Franco Granado,,-0.49,Male,
Jose Decoud,Jose Decoud,,-0.49,Male,
Jose Feliz Largo,Jose Feliz Largo,,-0.49,Male,
Jose Garibaldi,Jose Garibaldi,,-0.49,Male,
Jose L Decoud,Jose L Decoud,,-0.49,Male,
Jose L. Melgarejo,Jose L. Melgarejo,,-0.49,Male,
Jose M. Zarza Caballero,Jose M. Zarza Caballero,,-0.49,Male,
Jose Ortiz,Jose Ortiz,,-0.49,Male,
Jose. B. Ortiz,Jose. B. Ortiz,,-0.49,Male,
Liberato Caballero,Liberato Caballero,,-0.49,Male,
Mariscal Jose Felix Estigarribia,Mariscal Jose Felix Estigarribia,,-0.49,Male,
Mayor Don Evacio Perinciolo Merlo,Mayor Don Evacio Perinciolo Merlo,,-0.49,Male,
Mayor Joel Estigarribia,Mayor Joel Estigarribia,,-0.49,Male,
Mayor Jose Lamas Carisimo,Mayor Jose Lamas Carisimo,,-0.49,Male,
Melvin Jones,Melvin Jones,,-0.49,Male,
Narciso López de Urriola,Narciso López de Urriola,,-0.49,Male,
Padre Armando di Perna,Padre Armando di Perna,,-0.49,Male,
Padre Saturnino Rojas,Padre Saturnino Rojas,,-0.49,Male,
Pai Marcos,Pai Marcos,,-0.49,Male,
Profesor Doctor Luis María Argaña,Profesor Doctor Luis María Argaña,,-0.49,Male,
Sargento Candido Silva,Sargento Candido Silva,,-0.49,Male,
Sargento Jose Leon Gauto,Sargento Jose Leon Gauto,,-0.49,Male,
Sargento Toribio Valinotti,Sargento Toribio Valinotti,,-0.49,Male,
Saturnino Mereles,Saturnino Mereles,,-0.49,Male,
Senador Pierce Long Huey,Senador Pierce Long Huey,,-0.49,Male,
Subteniente Marcelino Ayala,Subteniente Marcelino Ayala,,-0.49,Male,
Teniente Alcides González,Teniente Alcides González,,-0.49,Male,
Teniente Eulogio Martínez,Teniente Eulogio Martínez,,-0.49,Male,
Teniente Maximiliano Perez,Teniente Maximiliano Perez,,-0.49,Male,
Teniente Primero Horacio Gini,Teniente Primero Horacio Gini,,-0.49,Male,
Teniente Primero Jose Colman del Socorro,Teniente Primero Jose Colman del Socorro,,-0.49,Male,
Teniente Primero Jose Luis Duarte,Teniente Primero Jose Luis Duarte,,-0.49,Male,
Teodocio Gonzalez,Teodocio Gonzalez,,-0.49,Male,
Teodoro S. Mongelos,Teodoro S. Mongelos,,-0.49,Male,
Teofilo Leasing,Teofilo Leasing,,-0.49,Male,
Toribio Pereira,Toribio Pereira,,-0.49,Male,
Anibal Mena Porta,Anibal Mena Porta,,-0.48,Male,
Avenida General Máximo Santos,General Máximo Santos,,-0.48,Male,
Cap. Rivas,Cap. Rivas,,-0.48,Male,
Cap. Rivas,Cap. Rivas,,-0.48,Male,
Capitán Miguel Angel Alfaro,Capitán Miguel Angel Alfaro,,-0.48,Male,
Comandante Atilio Peña Machain,Comandante Atilio Peña Machain,,-0.48,Male,
Fulgencio R. Moreno,Fulgencio R. Moreno,,-0.48,Male,
Fulgencio R. Moreno,Fulgencio R. Moreno,,-0.48,Male,
General Ceferino Vega Gaona,General Ceferino Vega Gaona,,-0.48,Male,
General de División Alcibiades Ibañez Rojas,General de División Alcibiades Ibañez Rojas,,-0.48,Male,
General Francisco Miranda,General Francisco Miranda,,-0.48,Male,
General Máximo Santos,General Máximo Santos,,-0.48,Male,
Martín de Goicochea,Martín de Goicochea,,-0.48,Male,
Mauricio José Troche,Mauricio José Troche,,-0.48,Male,
Monseñor Hernando de Trejo y Sanabria,Monseñor Hernando de Trejo y Sanabria,,-0.48,Male,
Profesor Carlos Lara,Profesor Carlos Lara,,-0.48,Male,
Ramón de las Llanas,Ramón de las Llanas,,-0.48,Male,
Ruy Díaz de Guzmán,Ruy Díaz de Guzmán,,-0.48,Male,
Sargento Martinez,Sargento Martinez,,-0.48,Male,
Teniente Victor Miranda,Teniente Victor Miranda,,-0.48,Male,
Adrian Aguiar Matheu,Adrian Aguiar Matheu,,-0.47,Male,
Alvar Núñez,Alvar Núñez,,-0.47,Male,
Calle San Francisco de Asís,San Francisco Asís,,-0.47,Male,
Coronel Alejo Silva,Coronel Alejo Silva,,-0.47,Male,
Doctor Ramón Doria,Doctor Ramón Doria,,-0.47,Male,
Eligio Ayala,Eligio Ayala,,-0.47,Male,
Félix de Azara,Félix de Azara,,-0.47,Male,
General Adrian Jara,General Adrian Jara,,-0.47,Male,
Hernando de Rivera,Hernando de Rivera,,-0.47,Male,
Papa Juan XXIII,Papa Juan XXIII,,-0.47,Male,
Papa Juan XXIII,Papa Juan XXIII,,-0.47,Male,
Proceres de Mayo,Proceres de Mayo,,-0.47,Male,
Teniente Luis Miranda,Teniente Luis Miranda,,-0.47,Male,
Viriato Diaz Perez,Viriato Diaz Perez,,-0.47,Male,
cadete Estanislao Romero,cadete Estanislao Romero,,-0.46,Male,
Cadete Fulgencio Peña,Cadete Fulgencio Peña,,-0.46,Male,
Capitan Elías Ayala,Capitan Elías Ayala,,-0.46,Male,
Capitán Elías Ayala,Capitán Elías Ayala,,-0.46,Male,
Capitán Elías Ayala,Capitán Elías Ayala,,-0.46,Male,
Diaz De Leon,Diaz De Leon,,-0.46,Male,
Mendoza Sanchez,Mendoza Sanchez,,-0.46,Male,
Pasaje San Carlos,San Carlos,,-0.46,Male,
San Carlos,San Carlos,,-0.46,Male,
San Carlos,San Carlos,,-0.46,Male,
Teniente Primero Rene B. Brugada Doldan,Teniente Primero Rene B. Brugada Doldan,,-0.46,Male,
Calle Falcon,Falcon,,-0.45,Male,
Máximo Lira,Máximo Lira,,-0.45,Male,
Practicante Dionicio Jara,Practicante Dionicio Jara,,-0.45,Male,
San Luis,San Luis,,-0.45,Male,
Ciudad San Fernando de Maldonado,San Fernando Maldonado,,-0.44,Male,
Pantaleón Garcia,Pantaleón Garcia,,-0.44,Male,
Ruiz Díaz de Melgarejo,Ruiz Díaz de Melgarejo,,-0.44,Male,
San Jorge,San Jorge,,-0.44,Male,
San Rafael,San Rafael,,-0.44,Male,
San Rafael,San Rafael,,-0.44,Male,
san Rafael,san Rafael,,-0.44,Male,
Albino Jara,Albino Jara,,-0.43,Male,
C. Lazard G. Yegros,Lazard G. Yegros,,-0.43,Male,
Doctor José Gabriel Téllez,Doctor José Gabriel Téllez,,-0.43,Male,
Doctor Molina,Doctor Molina,,-0.43,Male,
Mayor Eduardo Vera,Mayor Eduardo Vera,,-0.43,Male,
Mayor Eduardo Vera,Mayor Eduardo Vera,,-0.43,Male,
Padre Egidio Cardozo,Padre Egidio Cardozo,,-0.43,Male,
Doctor José Pedro Montero,Doctor José Pedro Montero,,-0.42,Male,
Emigdio Ayala,Emigdio Ayala,,-0.42,Male,
General José Gervasio Artigas,General José Gervasio Artigas,,-0.42,Male,
General José Gervasio Artigas Arnal,General José Gervasio Artigas Arnal,,-0.42,Male,
Rodriguez de Francia,Rodriguez de Francia,,-0.42,Male,
Avenida General José de San Martín,General José San Martín,,-0.41,Male,
Avenida General José de San Martín,General José San Martín,,-0.41,Male,
Capitán Jow Von Sastrow,Capitán Jow Von Sastrow,,-0.41,Male,
General José de San Martín,General José de San Martín,,-0.41,Male,
General José Eduvigis Díaz,General José Eduvigis Díaz,,-0.41,Male,
J. M. Centurion,J. M. Centurion,,-0.41,Male,
Jow Von Sastrow,Jow Von Sastrow,,-0.41,Male,
Avenida Chiang Kai Shek,Chiang Kai Shek,,-0.4,Male,
Chiang Kai Shek,Chiang Kai Shek,,-0.4,Male,
San Vicente de Paul,San Vicente de Paul,,-0.4,Male,
El Agricultor Paraguayo,El Agricultor Paraguayo,,-0.39,Male,
El Paraguayo Independiente,El Paraguayo Independiente,,-0.39,Male,
El Pescador,El Pescador,,-0.39,Male,
José Enrique Rodó,José Enrique Rodó,,-0.39,Male,
Teniente José Felix Lopez,Teniente José Felix Lopez,,-0.39,Male,
Calle G. Strom,G. Strom,,-0.38,Male,
EL BASURAL DE ALBINO FERRER,EL BASURAL DE ALBINO FERRER,,-0.38,Male,
M de Romeno,M de Romeno,,-0.38,Male,
M. de Romeno,M. de Romeno,,-0.38,Male,
M. dominguez,M. dominguez,,-0.38,Male,
Capellanes del Chaco,Capellanes del Chaco,,-0.37,Male,
Capellanes del Ejercito en Campaña,Capellanes del Ejercito en Campaña,,-0.37,Male,
Coronel Jose Maria Cazal,Coronel Jose Maria Cazal,,-0.37,Male,
Coronel Jose Maria Cazal,Coronel Jose Maria Cazal,,-0.37,Male,
Defensores del Chaco,Defensores del Chaco,,-0.37,Male,
Defensores del Chaco,Defensores del Chaco,,-0.37,Male,
Del Agrónomo,Del Agrónomo,,-0.37,Male,
Garl E. Garay,Garl E. Garay,,-0.37,Male,
General José María Bruguez,General José María Bruguez,,-0.37,Male,
General José María Delgado,General José María Delgado,,-0.37,Male,
Grabadores del Cabichuí,Grabadores del Cabichuí,,-0.37,Male,
Héroes del Chaco,Héroes del Chaco,,-0.37,Male,
Intendentes Militares del Chaco,Intendentes Militares del Chaco,,-0.37,Male,
Médicos del Chaco,Médicos del Chaco,,-0.37,Male,
Musicos del Chaco,Musicos del Chaco,,-0.37,Male,
Músicos del Chaco,Músicos del Chaco,,-0.37,Male,
Músicos del Chaco,Músicos del Chaco,,-0.37,Male,
Pasaje Del Pregonero,Del Pregonero,,-0.37,Male,
Paseo Del Cid,Del Cid,,-0.37,Male,
Paseo Del Quijote,Del Quijote,,-0.37,Male,
Radio Operadores del Chaco,Radio Operadores del Chaco,,-0.37,Male,
Ramón Jara,Ramón Jara,,-0.37,Male,
San Alfonso,San Alfonso,,-0.37,Male,
San Marcos,San Marcos,,-0.37,Male,
San Salvador,San Salvador,,-0.37,Male,
Veteranos del Chaco,Veteranos del Chaco,,-0.37,Male,
Colector este El Paraguayo Independiente a Cristobal Colón,Colector este El Paraguayo Independiente a Cristobal Colón,,-0.36,Male,
Lope de Vega,Lope de Vega,,-0.36,Male,
San Lorenzo,San Lorenzo,,-0.36,Male,
San Lorenzo,San Lorenzo,,-0.36,Male,
Teniente Primero Leonidas Escobar,Teniente Primero Leonidas Escobar,,-0.36,Male,
Capitan Jaime Manuel Grau Chover,Capitan Jaime Manuel Grau Chover,,-0.35,Male,
H. Franco Narvaez,H. Franco Narvaez,,-0.35,Male,
Listo Valois,Listo Valois,,-0.35,Male,
Puente Internacional San Ignacio de Loyola,Puente Internacional San Ignacio de Loyola,,-0.35,Male,
Cancio Ayala Cantero,Cancio Ayala Cantero,,-0.34,Male,
Capitán José Domingo Jara,Capitán José Domingo Jara,,-0.34,Male,
Calle Leocadio Jara,Leocadio Jara,,-0.33,Male,
Cecilio Avila,Cecilio ila,,-0.33,Male,
Colector noroeste Plaza Uruguaya Doctor José Eligio Ayala a Mariscal José Félix Estigarribia,Colector noroeste Plaza Uruguaya Doctor José Eligio Ayala a Mariscal José Félix Estigarribia,,-0.33,Male,
Doctor José Caldera,Doctor José Caldera,,-0.33,Male,
Doctor José Eligio Ayala,Doctor José Eligio Ayala,,-0.33,Male,
Doctor José Esculies,Doctor José Esculies,,-0.33,Male,
Leocadio Jara,Leocadio Jara,,-0.33,Male,
Nilo Meyer,Nilo Meyer,,-0.32,Male,
Angel Espinoza,Angel Espinoza,,-0.31,Male,
Angel Torres,Angel Torres,,-0.31,Male,
Capitán José Matias Bado,Capitán José Matias Bado,,-0.31,Male,
Doctor Angel Florentín Peña,Doctor Angel Florentín Peña,,-0.31,Male,
Mayor José Martí,Mayor José Martí,,-0.31,Male,
Teniente Angel Benitez,Teniente Angel Benitez,,-0.31,Male,
Teniente Primero Angel Velazco,Teniente Primero Angel Velazco,,-0.31,Male,
Avenida José Félix Bogado,José Félix Bogado,,-0.3,Male,
Avenida Mariscal José Félix Estigarribia,Mariscal José Félix Estigarribia,,-0.3,Male,
Avenida Mariscal José Félix Estigarribia,Mariscal José Félix Estigarribia,,-0.3,Male,
Capitán José Bado,Capitán José Bado,,-0.3,Male,
Capitán José Bozzano,Capitán José Bozzano,,-0.3,Male,
José A. Molas,José  Molas,,-0.3,Male,
José Agustín Molas,José Agustín Molas,,-0.3,Male,
José Asunción Flores,José Asunción Flores,,-0.3,Male,
José Balmaceda,José Balmaceda,,-0.3,Male,
José Berges,José Berges,,-0.3,Male,
José Félix Bogado,José Félix Bogado,,-0.3,Male,
José Ingenieros,José Ingenieros,,-0.3,Male,
José Molas,José Molas,,-0.3,Male,
José Moreno González,José Moreno González,,-0.3,Male,
José Ocampos Lanzoni,José Ocampos Lanzoni,,-0.3,Male,
José Olitte,José Olitte,,-0.3,Male,
José Ortíz,José Ortíz,,-0.3,Male,
José Pappalardo,José Pappalardo,,-0.3,Male,
José Ribera,José,,-0.3,Male,
José Rivera,José Rivera,,-0.3,Male,
Mariscal José Félix Estigarribia,Mariscal José Félix Estigarribia,,-0.3,Male,
Mayor José de Jesús Martínez,Mayor José de Jesús Martínez,,-0.3,Male,
Mayor José Duarte,Mayor José Duarte,,-0.3,Male,
Mayor José Lamas Carissimo,Mayor José Lamas Carissimo,,-0.3,Male,
Mayor José Rivarola,Mayor José Rivarola,,-0.3,Male,
Mayor José Rivarola (ex Infante Rivarola),Mayor José Rivarola (ex Infante Rivarola),,-0.3,Male,
Padre José Félix González,Padre José Félix González,,-0.3,Male,
Presbítero José Saubatte,Presbítero José Saubatte,,-0.3,Male,
Sargento José León Gauto,Sargento José León Gauto,,-0.3,Male,
Teniente Primero José D. Lopez,Teniente Primero José D. Lopez,,-0.3,Male,
Teniente Primero José del S. Colman,Teniente Primero José del S. Colman,,-0.3,Male,
José de Antequera y Castro,José de Antequera y Castro,,-0.29,Male,
José de la Cruz Ayala,José de la Cruz Ayala,,-0.29,Male,
José de la Cruz Ayala,José de la Cruz Ayala,,-0.29,Male,
José M. Cazal,José M. Cazal,,-0.29,Male,
José Verdi,José Verdi,,-0.29,Male,
Padre José González,Padre José González,,-0.29,Male,
Avenida Próceres de Mayo,Próceres Mayo,,-0.28,Male,
Manul O. Guerrero,Manul O. Guerrero,,-0.28,Male,
Padre Buenaventura Sánchez,Padre Buenaventura Sánchez,,-0.27,Male,
Teniente Coronel Ramos Alfaro,Teniente Coronel Ramos Alfaro,,-0.27,Male,
Diaz de Perera,Diaz de Perera,,-0.26,Male,
san Pedro,san Pedro,,-0.25,Male,
San Pedro,San Pedro,,-0.25,Male,