calle,calleClean,name,surname,fiabilidad,gender,wikipedia
Florencia,Florencia,Florencia,,2,Female,
Nuestra Señora del Rosario,Nuestra Señora del Rosario,Nuestra,Señora,2,Female,https://es.wikipedia.org/wiki/Virgen_del_Rosario
Vera Mujíca,Vera Mujíca,Vera,Mujíca,2,Female,https://es.wikipedia.org/wiki/Vera_M%C3%BAjina
Teresa Monzón,Teresa Monzón,Teresa,Monzón,2,Female,
Catalina Mano,Catalina Mano,Catalina,Mano,2,Female,
Aurora,Aurora,Aurora,,2,Female,
Avenida Nuestra Señora del Rosario,Nuestra Señora Rosario,Nuestra,Señora,2,Female,https://es.wikipedia.org/wiki/Virgen_del_Rosario
Leticia,Leticia,Leticia,,2,Female,
Virgen de los Ángeles,Virgen de los Ángeles,Virgen,de,2,Female,
Eva Perón,Eva Perón,Eva,Perón,2,Female,https://es.wikipedia.org/wiki/Eva_Per%C3%B3n
Gloria,Gloria,Gloria,,2,Female,
Gabriela Mistral,Gabriela Mistral,Gabriela,Mistral,2,Female,https://es.wikipedia.org/wiki/Gabriela_Mistral
Irma Peirano,Irma Peirano,Irma,Peirano,2,Female,
Ana Frank,Ana Frank,Ana,Frank,2,Female,https://es.wikipedia.org/wiki/Ana_Frank
Avenida Santa Coloma,Santa Coloma,Santa,Coloma,2,Female,
Candelaria,Candelaria,Candelaria,,2,Female,
M. de los Angeles,M. de los Angeles,M.,de,2,Female,
Remedios de Escalada,Remedios de Escalada,Remedios,de,2,Female,https://es.wikipedia.org/wiki/Mar%C3%ADa_de_los_Remedios_de_Escalada
Gregoria Matorras,Gregoria Matorras,Gregoria,Matorras,2,Female,https://es.wikipedia.org/wiki/Gregoria_Matorras
Silva,Silva,Silva,,2,Female,
Rita A. de Ibarlucea,Rita  Ibarlucea,Rita,,2,Female,
Modesta Ávila,Modesta Ávila,Modesta,Ávila,2,Female,https://en.wikipedia.org/wiki/Modesta_Avila
Ana Gurmendi,Ana Gurmendi,Ana,Gurmendi,2,Female,
Carmen Lejarza,Carmen Lejarza,Carmen,Lejarza,2,Female,
Nuestra Señora del Carmen,Nuestra Señora del Carmen,Nuestra,Señora,2,Female,
Juana de Martoloti,Juana de Martoloti,Juana,de,2,Female,
María Arduzzi,María Arduzzi,María,Arduzzi,2,Female,
Adelita Echenique,Adelita Echenique,Adelita,Echenique,2,Female,
Maria Teresa,Maria Teresa,Maria,Teresa,2,Female,
María Auxiliadora,María Auxiliadora,María,Auxiliadora,2,Female,
Alfonsina Storni,Alfonsina Storni,Alfonsina,Storni,2,Female,https://es.wikipedia.org/wiki/Alfonsina_Storni
Avenida Eva Perón,Eva Perón,Eva,Perón,2,Female,https://es.wikipedia.org/wiki/Eva_Per%C3%B3n
María Duboe,María Duboe,María,Duboe,2,Female,
Helen Brooke,Helen Brooke,Helen,Brooke,2,Female,https://es.wikipedia.org/wiki/Helen_Brooke_Taussig
Cecilia Grierson,Cecilia Grierson,Cecilia,Grierson,2,Female,https://es.wikipedia.org/wiki/Cecilia_Grierson
Vera Pintado,Vera Pintado,Vera,Pintado,2,Female,
Isabel La Católica,Isabel La Católica,Isabel,La,2,Female,https://es.wikipedia.org/wiki/Isabel_I_de_Castilla
Santa Matilde,Santa Matilde,Santa,Matilde,2,Female,
Lucía Miranda,Lucía Miranda,Lucía,Miranda,2,Female,
Minerva,Minerva,Minerva,,2,Female,https://es.wikipedia.org/wiki/Minerva
Pasaje Santa Matilde,Santa Matilde,Santa,Matilde,2,Female,https://es.wikipedia.org/wiki/Matilde_de_Ringelheim
Pasaje Santa Maria,Santa Maria,Santa,Maria,2,Female,
Santa María,Santa María,Santa,María,2,Female,
Pasaje Santa Isabel,Santa Isabel,Santa,Isabel,2,Female,
Pasaje Loreto,Loreto,Loreto,,2,Female,
Avenida María Auxiliadora,María Auxiliadora,María,Auxiliadora,2,Female,https://es.wikipedia.org/wiki/Mar%C3%ADa_Auxiliadora
Angelina Pagano,Angelina Pagano,Angelina,Pagano,2,Female,https://es.wikipedia.org/wiki/Angelina_Pagano
Simone,Simone,Simone,,2,Female,
Petrona Ávalos,Petrona Ávalos,Petrona,Ávalos,2,Female,
Libertad Lamarque,Libertad Lamarque,Libertad,Lamarque,2,Female,https://es.wikipedia.org/wiki/Libertad_Lamarque
Azucena Maizani,Azucena Maizani,Azucena,Maizani,2,Female,https://es.wikipedia.org/wiki/Azucena_Maizani
Santa Rosa de Lima,Santa Rosa de Lima,Santa,Rosa,2,Female,https://es.wikipedia.org/wiki/Rosa_de_Lima_(santa)
Lola Mora,Lola Mora,Lola,Mora,2,Female,https://es.wikipedia.org/wiki/Lola_Mora
Dolores Prats,Dolores Prats,Dolores,Prats,2,Female,
Rosa Wemicke,Rosa Wemicke,Rosa,Wemicke,2,Female,https://es.wikipedia.org/wiki/Rosa_Wernicke
Avenida Fausta,Fausta,Fausta,,2,Female,
Eva Peron,Eva Peron,Eva,Peron,2,Female,https://es.wikipedia.org/wiki/Eva_Per%C3%B3n
Fausta,Fausta,Fausta,,2,Female,
Nuestra Señora de la Paz,Nuestra Señora de la Paz,Nuestra,Señora,2,Female,
Remedios de Escalada San Martín,Remedios de Escalada San Martín,Remedios,de,2,Female,https://es.wikipedia.org/wiki/Mar%C3%ADa_de_los_Remedios_de_Escalada
Santa Rosa,Santa Rosa,Santa,Rosa,2,Female,
Pasaje Juana Azurduy,Juana Azurduy,Juana,Azurduy,2,Female,https://es.wikipedia.org/wiki/Juana_Azurduy
Castro,Castro,Castro,,2,female,https://es.wikipedia.org/wiki/Rosal%C3%ADa_de_Castro
Santa María de Oro,Santa María de Oro,Santa,María,-2,Male,
Sánchez de Triana,Sánchez de Triana,Sánchez,de,-2,Male,
Alsina,Alsina,Alsina,,-2,Male,
Ayala Gauna,Ayala Gauna,Ayala,Gauna,-2,Male,
Herrero Miranda,Herrero Miranda,Herrero,Miranda,-2,Male,
General Paz,General Paz,General,Paz,-2,Male,
Ingeniero Araya,Ingeniero Araya,Ingeniero,Araya,-2,Male,
Evelyn,Evelyn,Evelyn,,-2,Male,
Teniente Agneta,Teniente Agneta,Teniente,Agneta,-2,Male,
Montes Carballo,Montes Carballo,Montes,Carballo,-2,Male,
Stella,Stella,Stella,,-2,Male,
Alice,Alice,Alice,,-2,Male,
Pj. Medina,Pj. Medina,Pj.,Medina,-2,Male,
Presidente Roca,Presidente Roca,Presidente,Roca,-2,Male,
Pasaje Buenaventura Suárez,Buenaventura Suárez,Buenaventura,Suárez,-2,Male,
González Castillo,González Castillo,González,Castillo,-2,Male,
Azara,Azara,Azara,,-2,Male,
Rui Barbosa,Rui Barbosa,Rui,Barbosa,-2,Male,
Claude Debussy,Claude Debussy,Claude,Debussy,-2,Male,
Gobernador Vera,Gobernador Vera,Gobernador,Vera,-2,Male,
Jean Paul Sartre,Jean Paul Sartre,Jean,Paul,-2,Male,
J. A. Ramos,J.  Ramos,J.,,-2,Male,
Jean Jaures,Jean Jaures,Jean,Jaures,-2,Male,
José María Rosa,José María Rosa,José,María,-2,Male,
Juan Pablo II,Juan Pablo II,Juan,Pablo,-2,Male,
Bulevar Nicolás Avellaneda,Bulevar Nicolás ellaneda,Bulevar,Nicolás,-2,Male,
Nahuel Huapi,Nahuel Huapi,Nahuel,Huapi,-2,Male,
Omar Carrasco,Omar Carrasco,Omar,Carrasco,-2,Male,
Avenida Ovidio Lagos,Ovidio Lagos,Ovidio,Lagos,-2,Male,
Santiago,Santiago,Santiago,,-2,Male,
Bulevar Nicasio Oroño,Bulevar Nicasio Oroño,Bulevar,Nicasio,-2,Male,
Mariano Moreno,Mariano Moreno,Mariano,Moreno,-2,Male,
José Margis,José Margis,José,Margis,-2,Male,
Manuel Dorrego,Manuel Dorrego,Manuel,Dorrego,-2,Male,
Bartolomé Mitre,Bartolomé Mitre,Bartolomé,Mitre,-2,Male,
Avenida José de San Martín,José San Martín,José,San,-2,Male,
Federico Humboldt,Federico Humboldt,Federico,Humboldt,-2,Male,
Avenida José Uriburu,José Uriburu,José,Uriburu,-2,Male,
Vicente Medina,Vicente Medina,Vicente,Medina,-2,Male,
Ricardo Caballero,Ricardo Caballero,Ricardo,Caballero,-2,Male,
Manuel Gutierrez,Manuel Gutierrez,Manuel,Gutierrez,-2,Male,
Julio Bello,Julio Bello,Julio,Bello,-2,Male,
Avenida Manuel Arijón,Manuel Arijón,Manuel,Arijón,-2,Male,
San Juan de Luz,San Juan de Luz,San,Juan,-2,Male,
Pasaje Julio Marc,Julio Marc,Julio,Marc,-2,Male,
San Nicolás,San Nicolás,San,Nicolás,-2,Male,
Hilarión de la Quintana,Hilarión de la Quintana,Hilarión,de,-2,Male,
Arnold,Arnold,Arnold,,-2,Male,
Marc,Marc,Marc,,-2,Male,
Olegario Victor Andrade,Olegario Victor Andrade,Olegario,Victor,-2,Male,
Martín Rodríguez,Martín Rodríguez,Martín,Rodríguez,-2,Male,
Benito Juárez,Benito Juárez,Benito,Juárez,-2,Male,
Juan María Gutiérrez,Juan María Gutiérrez,Juan,María,-2,Male,
Esteban de Luca,Esteban de Luca,Esteban,de,-2,Male,
Owen,Owen,Owen,,-2,Male,
Ricardo Giaccone,Ricardo Giaccone,Ricardo,Giaccone,-2,Male,
San Francisco Solano,San Francisco Solano,San,Francisco,-2,Male,
Juan Bautista Arrospidegaray,Juan Bautista Arrospidegaray,Juan,Bautista,-2,Male,
Doctor Fernando Ruiz,Doctor Fernando Ruiz,Doctor,Fernando,-2,Male,
Bicisenda Avenida Ovidio Lagos,Bicisenda  Ovidio Lagos,Bicisenda,,-2,Male,
San Miguel Garicoits,San Miguel Garicoits,San,Miguel,-2,Male,
Camilo Flammarion,Camilo Flammarion,Camilo,Flammarion,-2,Male,
Reverendo José Margis,Reverendo José Margis,Reverendo,José,-2,Male,
Tomás Cabrera,Tomás Cabrera,Tomás,Cabrera,-2,Male,
Pasaje Florencio Molina Campos,Florencio Molina Campos,Florencio,Molina,-2,Male,
Estanislao Sánchez,Estanislao Sánchez,Estanislao,Sánchez,-2,Male,
Gregorio Araoz de Lamadrid,Gregorio Araoz de Lamadrid,Gregorio,Araoz,-2,Male,
Francisco Narciso Laprida,Francisco Narciso Laprida,Francisco,Narciso,-2,Male,
Tomás de Anchorena,Tomás de Anchorena,Tomás,de,-2,Male,
General Manuel Savio,General Manuel Savio,General,Manuel,-2,Male,
Teodoro Sánchez de Bustamante,Teodoro Sánchez de Bustamante,Teodoro,Sánchez,-2,Male,
Manuel Láinez,Manuel Láinez,Manuel,Láinez,-2,Male,
San Francisco,San Francisco,San,Francisco,-2,Male,
Juan Elena Blanco,Juan Elena Blanco,Juan,Elena,2,female,https://es.wikipedia.org/wiki/Juana_Elena_Blanco
Conscripto Bernardi,Conscripto Bernardi,Conscripto,Bernardi,-2,Male,
Rafael Arrieta,Rafael Arrieta,Rafael,Arrieta,-2,Male,
Avenida Romero de Pineda,Romero Pineda,Romero,Pineda,-2,Male,
Bernardi,Bernardi,Bernardi,,-2,Male,
León,León,León,,-2,Male,
Ulises,Ulises,Ulises,,-2,Male,
San Francisco de Asis,San Francisco de Asis,San,Francisco,-2,Male,
Juan XXIII,Juan XXIII,Juan,XXIII,-2,Male,
Bolivar,Bolivar,Bolivar,,-2,Male,
Garcia Gonzalez,Garcia Gonzalez,Garcia,Gonzalez,-2,Male,
Jorge Newbery,Jorge Newbery,Jorge,Newbery,-2,Male,
Marcos Paz,Marcos Paz,Marcos,Paz,-2,Male,
San Lorenzo,San Lorenzo,San,Lorenzo,-2,Male,
Cristobal Colón,Cristobal Colón,Cristobal,Colón,-2,Male,
Beppo Levi,Beppo Levi,Beppo,Levi,-2,Male,
Avenida Jorge Newbery,Jorge Newbery,Jorge,Newbery,-2,Male,
Juan Bautista Justo,Juan Bautista Justo,Juan,Bautista,-2,Male,
Avenida Silvestre Begnis,Silvestre Begnis,Silvestre,Begnis,-2,Male,
Miguel Cane,Miguel Cane,Miguel,Cane,-2,Male,
Amado Nervo,Amado Nervo,Amado,Nervo,-2,Male,
José Hernández,José Hernández,José,Hernández,-2,Male,
Facundo Quiroga,Facundo Quiroga,Facundo,Quiroga,-2,Male,
Federico García Lorca,Federico García Lorca,Federico,García,-2,Male,
A.Franklin,Franklin,Franklin,,-2,Male,
Lucio V. Mansilla,Lucio V. Mansilla,Lucio,V.,-2,Male,
Pancho Ramírez,Pancho Ramírez,Pancho,Ramírez,-2,Male,
Perito Moreno,Perito Moreno,Perito,Moreno,-2,Male,
Pasaje Santiago,Santiago,Santiago,,-2,Male,
Felipe Varela,Felipe Varela,Felipe,Varela,-2,Male,
Vicente López,Vicente López,Vicente,López,-2,Male,
Guido y Spano,Guido y Spano,Guido,y,-2,Male,
San Juan,San Juan,San,Juan,-2,Male,
Avenida Lisandro de la Torre,Lisandro Torre,Lisandro,Torre,-2,Male,
José Ingenieros,José Ingenieros,José,Ingenieros,-2,Male,
Constancio C. Vigil,Constancio  Vigil,Constancio,,-2,Male,
Pasaje Rubén Darío,Rubén Darío,Rubén,Darío,-2,Male,
Pasaje San Luis,San Luis,San,Luis,-2,Male,
Juan B. Justo,Juan B. Justo,Juan,B.,-2,Male,
Avenida Buenos Aires,Buenos Aires,Buenos,Aires,-2,Male,
Moreno,Moreno,Moreno,,-2,Male,
Padre José Kentenich,Padre José Kentenich,Padre,José,-2,Male,
Valentín Gómez,Valentín Gómez,Valentín,Gómez,-2,Male,
Coronel Lorenzo Lugones,Coronel Lorenzo Lugones,Coronel,Lorenzo,-2,Male,
Pedro Goyena,Pedro Goyena,Pedro,Goyena,-2,Male,
San Patricio,San Patricio,San,Patricio,-2,Male,
Martín Fierro,Martín Fierro,Martín,Fierro,-2,Male,
Avenida Andrés Vietti,Andrés Vietti,Andrés,Vietti,-2,Male,
San Jorge,San Jorge,San,Jorge,-2,Male,
Bulevar General José Rondeau,Bulevar General José Rondeau,Bulevar,General,-2,Male,
Francisco de Miranda,Francisco de Miranda,Francisco,de,-2,Male,
Julián Segundo de Agüero,Julián Segundo de Agüero,Julián,Segundo,-2,Male,
General Tomás de Iriarte,General Tomás de Iriarte,General,Tomás,-2,Male,
Juan Agustín Maza,Juan Agustín Maza,Juan,Agustín,-2,Male,
David Peña,David Peña,David,Peña,-2,Male,
Avenida Ricardo Alfonsín,Ricardo Alfonsín,Ricardo,Alfonsín,-2,Male,
Avenida Joaquín Granel,Joaquín Granel,Joaquín,Granel,-2,Male,
Galileo,Galileo,Galileo,,-2,Male,
Benito Álvarez,Benito Álvarez,Benito,Álvarez,-2,Male,
José Julián Pérez,José Julián Pérez,José,Julián,-2,Male,
Avenida Joaquín Suárez,Joaquín Suárez,Joaquín,Suárez,-2,Male,
Homero Manzi,Homero Manzi,Homero,Manzi,-2,Male,
Baldomero Fernández Moreno,Baldomero Fernández Moreno,Baldomero,Fernández,-2,Male,
Francisco Solano Ortega,Francisco Solano Ortega,Francisco,Solano,-2,Male,
Avenida John Fitzgerald Kennedy,John Fitzgerald Kennedy,John,Fitzgerald,-2,Male,
J. Nicolás,J. Nicolás,J.,Nicolás,-2,Male,
Avenida Casiano Casas,Casiano Casas,Casiano,Casas,-2,Male,
Manuel García,Manuel García,Manuel,García,-2,Male,
Comandante José Superí,Comandante José Superí,Comandante,José,-2,Male,
Avenida Hernán Pujato,Hernán Pujato,Hernán,Pujato,-2,Male,
Raúl Gardelli,Raúl Gardelli,Raúl,Gardelli,-2,Male,
Leopoldo Kanner,Leopoldo Kanner,Leopoldo,Kanner,-2,Male,
José Colombres,José Colombres,José,Colombres,-2,Male,
Avenida Albert Schweitzer,Albert Schweitzer,Albert,Schweitzer,-2,Male,
Germán Avé Lallemant,Germán é Lallemant,Germán,é,-2,Male,
Edgardo Schork,Edgardo Schork,Edgardo,Schork,-2,Male,
Albert Schweitzer,Albert Schweitzer,Albert,Schweitzer,-2,Male,
José María Fernández,José María Fernández,José,María,-2,Male,
Doctor Candido Pujato,Doctor Candido Pujato,Doctor,Candido,-2,Male,
Tabare,Tabare,Tabare,,-2,Male,
Hipólito Irigoyen,Hipólito Irigoyen,Hipólito,Irigoyen,-2,Male,
Domingo Matheu,Domingo Matheu,Domingo,Matheu,-2,Male,
José Rivera Indarte,José Rivera Indarte,José,Rivera,-2,Male,
San Telmo,San Telmo,San,Telmo,-2,Male,
Ricardo Gutierrez,Ricardo Gutierrez,Ricardo,Gutierrez,-2,Male,
Williams,Williams,Williams,,-2,Male,
José Darragueira,José Darragueira,José,Darragueira,-2,Male,
Ignacio Warnes,Ignacio Warnes,Ignacio,Warnes,-2,Male,
Agustín Álvarez,Agustín Álvarez,Agustín,Álvarez,-2,Male,
Ricardo Núñez,Ricardo Núñez,Ricardo,Núñez,-2,Male,
Wagner,Wagner,Wagner,,-2,Male,
José C. Paz,José  Paz,José,,-2,Male,
Alvarez Thomas,Alvarez Thomas,Alvarez,Thomas,-2,Male,
Avenida José Nicolás Puccio,José Nicolás Puccio,José,Nicolás,-2,Male,
Miller,Miller,Miller,,-2,Male,
Avenida Jorge Loureiro,Jorge Loureiro,Jorge,Loureiro,-2,Male,
Washington,Washington,Washington,,-2,Male,
Blas Parera,Blas Parera,Blas,Parera,-2,Male,
Pasaje San Cayetano,San Cayetano,San,Cayetano,-2,Male,
San Cayetano,San Cayetano,San,Cayetano,-2,Male,
Pasaje San José,San José,San,José,-2,Male,
Mariano Cabal,Mariano Cabal,Mariano,Cabal,-2,Male,
Renán,Renán,Renán,,-2,Male,
Domingo Polichiso,Domingo Polichiso,Domingo,Polichiso,-2,Male,
Avenida Travesía Albert Sabin,Travesía Albert Sabin,Travesía,Albert,-2,Male,
Juan Carlos Casas,Juan Carlos s,Juan,Carlos,-2,Male,
Oscar Álvarez,Oscar Álvarez,Oscar,Álvarez,-2,Male,
Fray Luis Beltrán,Fray Luis Beltrán,Fray,Luis,-2,Male,
Avenida Doctor Carlos Colombres,Doctor Carlos Colombres,Doctor,Carlos,-2,Male,
Arturo Frondizi,Arturo Frondizi,Arturo,Frondizi,-2,Male,
Pérez Galdós,Pérez Galdós,Pérez,Galdós,-2,Male,
Víctor Mercante,Víctor Mercante,Víctor,Mercante,-2,Male,
Salvador Allende,Salvador Allende,Salvador,Allende,-2,Male,
Neil,Neil,Neil,,-2,Male,
Colin Bain Calder,Colin Bain Calder,Colin,Bain,-2,Male,
Alberto Demiddi,Alberto Demiddi,Alberto,Demiddi,-2,Male,
Joaquín V. González,Joaquín V. González,Joaquín,V.,-2,Male,
Néstor Fernández,Néstor Fernández,Néstor,Fernández,-2,Male,
Rosendo María Fraga,Rosendo María Fraga,Rosendo,María,-2,Male,
Victor Cue,Victor Cue,Victor,Cue,-2,Male,
Tomás de la Torre,Tomás de la Torre,Tomás,de,-2,Male,
Pedro A. Ríos,Pedro A. s,Pedro,A.,-2,Male,
Carlos Pellegrini,Carlos Pellegrini,Carlos,Pellegrini,-2,Male,
Roque Saenz Peña,Roque Saenz Peña,Roque,Saenz,-2,Male,
Julio Argentino Roca,Julio Argentino Roca,Julio,Argentino,-2,Male,
San Martín,San Martín,San,Martín,-2,Male,
Héctor Leithner,Héctor Leithner,Héctor,Leithner,-2,Male,
Manuel Curto,Manuel Curto,Manuel,Curto,-2,Male,
Bartolome Mitre,Bartolome Mitre,Bartolome,Mitre,-2,Male,
Manuel Belgrano,Manuel Belgrano,Manuel,Belgrano,-2,Male,
Alfredo Schilla Oeste,Alfredo Schilla Oeste,Alfredo,Schilla,-2,Male,
José de San Martín,José de San Martín,José,de,-2,Male,
General Estanislao López,General Estanislao López,General,Estanislao,-2,Male,
Juan Bautista Alberdi,Juan Bautista Alberdi,Juan,Bautista,-2,Male,
Carlos Silvestre Begnis,Carlos Silvestre Begnis,Carlos,Silvestre,-2,Male,
Juan Hugo Caesar,Juan Hugo Caesar,Juan,Hugo,-2,Male,
Waldino Suárez,Waldino Suárez,Waldino,Suárez,-2,Male,
Avenida Hipólito Yrigoyen,Hipólito Yrigoyen,Hipólito,Yrigoyen,-2,Male,
Avenida Jorge Obeid,Jorge Obeid,Jorge,Obeid,-2,Male,
Walter Garrone,Walter Garrone,Walter,Garrone,-2,Male,
Luciano Molinas,Luciano Molinas,Luciano,Molinas,-2,Male,
Manuel Menchaca,Manuel Menchaca,Manuel,Menchaca,-2,Male,
Raúl Alfonsín,Raúl Alfonsín,Raúl,Alfonsín,-2,Male,
Hipólito Vieytes,Hipólito Vieytes,Hipólito,Vieytes,-2,Male,
Adolfo Alsina,Adolfo Alsina,Adolfo,Alsina,-2,Male,
Bernardo de Monteagudo,Bernardo de Monteagudo,Bernardo,de,-2,Male,
General José Rondeau,General José Rondeau,General,José,-2,Male,
Hipólito Bouchard,Hipólito Bouchard,Hipólito,Bouchard,-2,Male,
Miguel Galindo,Miguel Galindo,Miguel,Galindo,-2,Male,
Bernardino Rivadavia,Bernardino Rivadavia,Bernardino,Rivadavia,-2,Male,
Fray Mamerto Esquiú,Fray Mamerto Esquiú,Fray,Mamerto,-2,Male,
Juan Elorza,Juan Elorza,Juan,Elorza,-2,Male,
Florencio Varela,Florencio Varela,Florencio,Varela,-2,Male,
Hipólito Yrigoyen,Hipólito Yrigoyen,Hipólito,Yrigoyen,-2,Male,
Gustavo Cochet,Gustavo Cochet,Gustavo,Cochet,-2,Male,
Manuel Estrada,Manuel Estrada,Manuel,Estrada,-2,Male,
Justo José de Urquiza,Justo José de Urquiza,Justo,José,-2,Male,
Bulevar Bartolomé Mitre,Bulevar Bartolomé Mitre,Bulevar,Bartolomé,-2,Male,
Pedro Lino Funes,Pedro Lino Funes,Pedro,Lino,-2,Male,
Servando Bayo,Servando Bayo,Servando,Bayo,-2,Male,
Plácido Grela,Plácido Grela,Plácido,Grela,-2,Male,
José Mármol,José Mármol,José,Mármol,-2,Male,
Avenida Alberto J. Paz,Alberto J. Paz,Alberto,J.,-2,Male,
Alfredo Schilla,Alfredo Schilla,Alfredo,Schilla,-2,Male,
Pedro Ulloa,Pedro Ulloa,Pedro,Ulloa,-2,Male,
Emilio Battilana,Emilio Battilana,Emilio,Battilana,-2,Male,
José Gatti,José Gatti,José,Gatti,-2,Male,
José Arijón,José Arijón,José,Arijón,-2,Male,
Pedro García,Pedro García,Pedro,García,-2,Male,
Nicolás Torelli,Nicolás Torelli,Nicolás,Torelli,-2,Male,
Venanolo Jaime,Venanolo Jaime,Venanolo,Jaime,-2,Male,
Alberto J. Paz,Alberto J. Paz,Alberto,J.,-2,Male,
Alejandro Gruning Rosas,Alejandro Gruning Rosas,Alejandro,Gruning,-2,Male,
Oscar Ensinck,Oscar Ensinck,Oscar,Ensinck,-2,Male,
Ernesto Palacio,Ernesto Palacio,Ernesto,Palacio,-2,Male,
Americo Tonda,Americo Tonda,Americo,Tonda,-2,Male,
Enrique Barba,Enrique Barba,Enrique,Barba,-2,Male,
Julio Irazusta,Julio Irazusta,Julio,Irazusta,-2,Male,
Vicente Sierra,Vicente Sierra,Vicente,Sierra,-2,Male,
Héctor Zinni,Héctor Zinni,Héctor,Zinni,-2,Male,
Alfredo Saybene,Alfredo Saybene,Alfredo,Saybene,-2,Male,
García del Cossio,García del Cossio,García,del,-2,Male,
Manuel Gálvez,Manuel Gálvez,Manuel,Gálvez,-2,Male,
Avenida Manuel Belgrano,Manuel Belgrano,Manuel,Belgrano,-2,Male,
Nicolás Avellaneda,Nicolás ellaneda,Nicolás,ellaneda,-2,Male,
Martin Fierro,Martin Fierro,Martin,Fierro,-2,Male,
Hipolito Hirigoyen,Hipolito Hirigoyen,Hipolito,Hirigoyen,-2,Male,
Pasaje Julian Carrara,Julian Carrara,Julian,Carrara,-2,Male,
Teniente Coronel Pablo Richieri,Teniente Coronel Pablo Richieri,Teniente,Coronel,-2,Male,
Pasaje Luis Galante,Luis Galante,Luis,Galante,-2,Male,
Ricardo Guiraldes,Ricardo Guiraldes,Ricardo,Guiraldes,-2,Male,
Carlos Yolly Perez,Carlos Yolly Perez,Carlos,Yolly,-2,Male,
Lisandro de la Torre,Lisandro de la Torre,Lisandro,de,-2,Male,
Jose Hernandez,Jose Hernandez,Jose,Hernandez,-2,Male,
Avenida San Sebastián,San Sebastián,San,Sebastián,-2,Male,
Luis Colombo,Luis Colombo,Luis,Colombo,-2,Male,
Benito Quinquela Martin,Benito Quinquela Martin,Benito,Quinquela,-2,Male,
Justo Jose de Urquiza,Justo Jose de Urquiza,Justo,Jose,-2,Male,
Estanislao Lopez,Estanislao Lopez,Estanislao,Lopez,-2,Male,
Leandro N. Alem,Leandro N. Alem,Leandro,N.,-2,Male,
San Luis,San Luis,San,Luis,-2,Male,
Roque Perez,Roque Perez,Roque,Perez,-2,Male,
Martin Miguel de Güemes,Martin Miguel de Güemes,Martin,Miguel,-2,Male,
Cornelio Casablanca,Cornelio blanca,Cornelio,blanca,-2,Male,
Santiago Pinasco,Santiago Pinasco,Santiago,Pinasco,-2,Male,
Emiliano Rearte,Emiliano Rearte,Emiliano,Rearte,-2,Male,
David Esquivel,David Esquivel,David,Esquivel,-2,Male,
Eloy Esquivel,Eloy Esquivel,Eloy,Esquivel,-2,Male,
Francisco Parodi,Francisco Parodi,Francisco,Parodi,-2,Male,
Estanislao López,Estanislao López,Estanislao,López,-2,Male,
Avenida San Martín,San Martín,San,Martín,-2,Male,
Intendente Gaudencio Miaca Carnevale,Intendente Gaudencio Miaca Carnevale,Intendente,Gaudencio,-2,Male,
Simon Bolivar,Simon Bolivar,Simon,Bolivar,-2,Male,
Juan de Garay,Juan de Garay,Juan,de,-2,Male,
Domingo Aron,Domingo Aron,Domingo,Aron,-2,Male,
Pasaje San Lorenzo,San Lorenzo,San,Lorenzo,-2,Male,
Avenida Guillermo Wheelwright,Guillermo Wheelwright,Guillermo,Wheelwright,-2,Male,
Avenida Carlos Pellegrini,Carlos Pellegrini,Carlos,Pellegrini,-2,Male,
Deán Gregorio Funes,Deán Gregorio Funes,Deán,Gregorio,-2,Male,
Bulevar Juan Francisco Seguí,Bulevar Juan Francisco Seguí,Bulevar,Juan,-2,Male,
Juan Canals,Juan Canals,Juan,Canals,-2,Male,
Avenida Arturo Illia,Arturo Illia,Arturo,Illia,-2,Male,
Emilio Schiffner,Emilio Schiffner,Emilio,Schiffner,-2,Male,
Julio Cortazar,Julio Cortazar,Julio,Cortazar,-2,Male,
Pasaje Poeta Fabricio Simeoni,Poeta Fabricio Simeoni,Poeta,Fabricio,-2,Male,
Doctor Mario Armas,Doctor Mario Armas,Doctor,Mario,-2,Male,
Dársena San Juan,Dársena San Juan,Dársena,San,-2,Male,
Juan Manuel de Rosas,Juan Manuel de Rosas,Juan,Manuel,-2,Male,
Raúl Dominguez,Raúl Dominguez,Raúl,Dominguez,-2,Male,
Gregorio Perdriel,Gregorio Perdriel,Gregorio,Perdriel,-2,Male,
José Gálvez,José Gálvez,José,Gálvez,-2,Male,
Cristóbal Colón,Cristóbal Colón,Cristóbal,Colón,-2,Male,
Rogelio Luis Pizzi,Rogelio Luis Pizzi,Rogelio,Luis,-2,Male,
Roberto Bazán,Roberto Bazán,Roberto,Bazán,-2,Male,
Di Pierri,Di Pierri,Di,Pierri,-2,Male,
Florencio Sánchez,Florencio Sánchez,Florencio,Sánchez,-2,Male,
Ludwig van Beethoven,Ludwig van Beethoven,Ludwig,van,-2,Male,
Doctor Francisco Riva,Doctor Francisco Riva,Doctor,Francisco,-2,Male,
Rodrigo M. Ross,Rodrigo M. Ross,Rodrigo,M.,-2,Male,
José Garibaldi,José Garibaldi,José,Garibaldi,-2,Male,
Florentino Ameghino,Florentino Ameghino,Florentino,Ameghino,-2,Male,
Coronel Dámaso Centeno,Coronel Dámaso Centeno,Coronel,Dámaso,-2,Male,
Lincoln,Lincoln,Lincoln,,-2,Male,
Rufino Ortega,Rufino Ortega,Rufino,Ortega,-2,Male,
General Manuel Belgrano,General Manuel Belgrano,General,Manuel,-2,Male,
Avenida Juan José Paso,Juan José Paso,Juan,José,-2,Male,
Franklin,Franklin,Franklin,,-2,Male,
Bulevar Argentino,Bulevar Argentino,Bulevar,Argentino,-2,Male,
Craig,Craig,Craig,,-2,Male,
Jorge Kay,Jorge Kay,Jorge,Kay,-2,Male,
Benito,Benito,Benito,,-2,Male,
José Schle,José Schle,José,Schle,-2,Male,
Darwin,Darwin,Darwin,,-2,Male,
Moreau De Justo,Moreau De Justo,Moreau,De,-2,Male,
Tupac Amaru,Tupac Amaru,Tupac,Amaru,-2,Male,
Angel Carranza,Angel Carranza,Angel,Carranza,-2,Male,
Ángel Carranza,Ángel Carranza,Ángel,Carranza,-2,Male,
Jose Colombres,Jose Colombres,Jose,Colombres,-2,Male,
Pérez Bulnes,Pérez Bulnes,Pérez,Bulnes,-2,Male,
Hudson,Hudson,Hudson,,-2,Male,
Pasaje Marti,Marti,Marti,,-2,Male,
Marti,Marti,Marti,,-2,Male,
Pelayo,Pelayo,Pelayo,,-2,Male,
Gabriel Carrasco,Gabriel Carrasco,Gabriel,Carrasco,-2,Male,
Juan Díaz de Solís,Juan Díaz de Solís,Juan,Díaz,-2,Male,
Alfredo Rouillón,Alfredo Rouillón,Alfredo,Rouillón,-2,Male,
Emilio Conesa,Emilio Conesa,Emilio,Conesa,-2,Male,
Vicente Fidel López,Vicente Fidel López,Vicente,Fidel,-2,Male,
Felipe Moré,Felipe Moré,Felipe,Moré,-2,Male,
Camilo Aldao,Camilo Aldao,Camilo,Aldao,-2,Male,
Pasaje San Gerónimo,San Gerónimo,San,Gerónimo,-2,Male,
Rubén Darío,Rubén Darío,Rubén,Darío,-2,Male,
Aristóteles,Aristóteles,Aristóteles,,-2,Male,
Humberto Primero,Humberto o,Humberto,o,-2,Male,
Garcia Manzo,Garcia Manzo,Garcia,Manzo,-2,Male,
San Geronimo,San Geronimo,San,Geronimo,-2,Male,
Pasaje San Jerónimo,San Jerónimo,San,Jerónimo,-2,Male,
Carles,Carles,Carles,,-2,Male,
Tomás Guido,Tomás Guido,Tomás,Guido,-2,Male,
Benjamín Matienzo,Benjamín Matienzo,Benjamín,Matienzo,-2,Male,
Ricardo Rojas,Ricardo Rojas,Ricardo,Rojas,-2,Male,
Juan Francisco Seguí,Juan Francisco Seguí,Juan,Francisco,-2,Male,
Crisologo Larralde,Crisologo Larralde,Crisologo,Larralde,-2,Male,
Fernando Fader,Fernando Fader,Fernando,Fader,-2,Male,
Anderson,Anderson,Anderson,,-2,Male,
Arturo Jauretche,Arturo Jauretche,Arturo,Jauretche,-2,Male,
Juan Ferrarotti,Juan Ferrarotti,Juan,Ferrarotti,-2,Male,
Ricardo Lagos,Ricardo Lagos,Ricardo,Lagos,-2,Male,
Eduardo Favario,Eduardo Favario,Eduardo,Favario,-2,Male,
Juan Pablo XXIII,Juan Pablo XXIII,Juan,Pablo,-2,Male,
Avenida Alfredo Rouillón,Alfredo Rouillón,Alfredo,Rouillón,-2,Male,
Simon Wiesenthal,Simon Wiesenthal,Simon,Wiesenthal,-2,Male,
Pascual Rosas,Pascual Rosas,Pascual,Rosas,-2,Male,
Néstor Grenon,Néstor Grenon,Néstor,Grenon,-2,Male,
Benito Rodríguez,Benito Rodríguez,Benito,Rodríguez,-2,Male,
J. Gregori,J. Gregori,J.,Gregori,-2,Male,
Avenida Mario Cisneros,Mario Cisneros,Mario,Cisneros,-2,Male,
Mateo Antonio Sbert,Mateo Antonio Sbert,Mateo,Antonio,-2,Male,
Esteban Maradona,Esteban Maradona,Esteban,Maradona,-2,Male,
Pasaje Augusto Deliot,Augusto Deliot,Augusto,Deliot,-2,Male,
García Velloso,García Velloso,García,Velloso,-2,Male,
Avenida Luis Cándido Carballo,Luis Cándido Carballo,Luis,Cándido,-2,Male,
Pasaje Amado Nervo,Amado Nervo,Amado,Nervo,-2,Male,
San Cristobal,San Cristobal,San,Cristobal,-2,Male,
Don Bosco,Don Bosco,Don,Bosco,-2,Male,
Viaducto Ingeniero Emigdio Pinasco,ducto Ingeniero Emigdio Pinasco,ducto,Ingeniero,-2,Male,
Miguel Cervantes,Miguel Cervantes,Miguel,Cervantes,-2,Male,
Luis Candido Carballo,Luis Candido Carballo,Luis,Candido,-2,Male,
Avenida Central Argentino,Central Argentino,Central,Argentino,-2,Male,
Agustín Tosco,Agustín Tosco,Agustín,Tosco,-2,Male,
Hernán Cortés,Hernán Cortés,Hernán,Cortés,-2,Male,
Fernando El Católico,Fernando El Católico,Fernando,El,-2,Male,
Juan de La Cosa,Juan de La Cosa,Juan,de,-2,Male,
Roldan,Roldan,Roldan,,-2,Male,
Juan Vélez,Juan Vélez,Juan,Vélez,-2,Male,
Coronel Pedro Conde,Coronel Pedro Conde,Coronel,Pedro,-2,Male,
San Jacinto,San Jacinto,San,Jacinto,-2,Male,
Bartolomé de Las Casas,Bartolomé Las s,Bartolomé,Las,-2,Male,
Diego de Deza,Diego de Deza,Diego,de,-2,Male,
San Carlos,San Carlos,San,Carlos,-2,Male,
Manuel Suárez,Manuel Suárez,Manuel,Suárez,-2,Male,
Juan José Valle,Juan José,Juan,José,-2,Male,
Hector Thedy,Hector Thedy,Hector,Thedy,-2,Male,
Gualberto Venesia,Gualberto Venesia,Gualberto,Venesia,-2,Male,
Avenida Aristóbulo del Valle,Aristóbulo Valle,Aristóbulo,Valle,-2,Male,
Avenida Bernardino Rivadavia,Bernardino Rivadavia,Bernardino,Rivadavia,-2,Male,
Antonio Ríos,Antonio s,Antonio,s,-2,Male,
Martin,Martin,Martin,,-2,Male,
Piñero Garcia,Piñero Garcia,Piñero,Garcia,-2,Male,
Apolo,Apolo,Apolo,,-2,Male,
Francisco N. Lett,Francisco N. Lett,Francisco,N.,-2,Male,
Avenida Marcos Sastre,Marcos Sastre,Marcos,Sastre,-2,Male,
Bolívar,Bolívar,Bolívar,,-2,Male,
Carlos Casado,Carlos do,Carlos,do,-2,Male,
Avenida Jorge Cura,Jorge Cura,Jorge,Cura,-2,Male,
Ramón Lista,Ramón Lista,Ramón,Lista,-2,Male,
Villarino,rino,rino,,-2,Male,
Pasaje Facundo Quiroga,Facundo Quiroga,Facundo,Quiroga,-2,Male,
Federico Alberto Aldana,Federico Alberto Aldana,Federico,Alberto,-2,Male,
Intendente Claudio Newell,Intendente Claudio Newell,Intendente,Claudio,-2,Male,
Avenida Daniel Infante,Daniel Infante,Daniel,Infante,-2,Male,
Avenida Dante Alighieri,Dante Alighieri,Dante,Alighieri,-2,Male,
Marcelino Champagnat,Marcelino Champagnat,Marcelino,Champagnat,-2,Male,
Avenida Doctor Calixto Lassaga,Doctor Calixto Lassaga,Doctor,Calixto,-2,Male,
Avenida Isaac Newell,Isaac Newell,Isaac,Newell,-2,Male,
Bicisenda Bulevar Nicasio Oroño,Bicisenda Bulevar Nicasio Oroño,Bicisenda,Bulevar,-2,Male,
Lorenzo Lugones,Lorenzo Lugones,Lorenzo,Lugones,-2,Male,
Avenida Francisco Solano López,Francisco Solano López,Francisco,Solano,-2,Male,
Pasaje Wilson,Wilson,Wilson,,-2,Male,
Darien,Darien,Darien,,-2,Male,
Pasaje Bialet Massé,Bialet Massé,Bialet,Massé,-2,Male,
Pasaje Lord Kelvin,Lord Kelvin,Lord,Kelvin,-2,Male,
Lord Kelvin,Lord Kelvin,Lord,Kelvin,-2,Male,
Pasaje Isidoro Aliau,Isidoro Aliau,Isidoro,Aliau,-2,Male,
Newton,Newton,Newton,,-2,Male,
Renaud,Renaud,Renaud,,-2,Male,
Manuel de Falla,Manuel de Falla,Manuel,de,-2,Male,
Ricardo Wagner,Ricardo Wagner,Ricardo,Wagner,-2,Male,
Adolfo S. Carranza,Adolfo S. Carranza,Adolfo,S.,-2,Male,
Federico Chopin,Federico Chopin,Federico,Chopin,-2,Male,
Domingo Faustino Sarmiento,Domingo Faustino Sarmiento,Domingo,Faustino,-2,Male,
Bernardo Houssay,Bernardo Houssay,Bernardo,Houssay,-2,Male,
Francisco Ramírez,Francisco Ramírez,Francisco,Ramírez,-2,Male,
Luis Federico Leloir,Luis Federico Leloir,Luis,Federico,-2,Male,
Juan Bautista Bustos,Juan Bautista Bustos,Juan,Bautista,-2,Male,
San José,San José,San,José,-2,Male,
Avenida San Nicolás,San Nicolás,San,Nicolás,-2,Male,
Juan José Castelli,Juan José Castelli,Juan,José,-2,Male,
Juan José Paso,Juan José,Juan,José,-2,Male,
Manuel Sarratea,Manuel Sarratea,Manuel,Sarratea,-2,Male,
Cornelio Saavedra,Cornelio Saavedra,Cornelio,Saavedra,-2,Male,
Juan Larrea,Juan Larrea,Juan,Larrea,-2,Male,
Manuel José de Lavardén,Manuel José de Lavardén,Manuel,José,-2,Male,
Pablo Teodoro Fels,Pablo Teodoro Fels,Pablo,Teodoro,-2,Male,
Ángel María Zuloaga,Ángel María Zuloaga,Ángel,María,-2,Male,
Colectora Ernesto Che Guevara,Colectora Ernesto Che Guevara,Colectora,Ernesto,-2,Male,
Avenida San José de Calasanz,San José Calasanz,San,José,-2,Male,
Luis La Flor,Luis La Flor,Luis,La,-2,Male,
Victor Hugo,Victor Hugo,Victor,Hugo,-2,Male,
Albert Camus,Albert Camus,Albert,Camus,-2,Male,
Francisco Plano,Francisco Plano,Francisco,Plano,-2,Male,
Di Sarli,Di Sarli,Di,Sarli,-2,Male,
Edmundo Rivero,Edmundo Rivero,Edmundo,Rivero,-2,Male,
Astor Piazzolla,Astor Piazzolla,Astor,Piazzolla,-2,Male,
Garcia del Cossio,Garcia del Cossio,Garcia,del,-2,Male,
Homero,Homero,Homero,,-2,Male,
Oliveros,Oliveros,Oliveros,,-2,Male,
Miguel Ángel Carcano,Miguel Ángel Carcano,Miguel,Ángel,-2,Male,
Guillermo Penn,Guillermo Penn,Guillermo,Penn,-2,Male,
Juaquín Lagos,Juaquín Lagos,Juaquín,Lagos,-2,Male,
Mateo Booz,Mateo Booz,Mateo,Booz,-2,Male,
Francisco Canaro,Francisco Canaro,Francisco,Canaro,-2,Male,
Osvaldo Pugliese,Osvaldo Pugliese,Osvaldo,Pugliese,-2,Male,
Carlos Gardel,Carlos Gardel,Carlos,Gardel,-2,Male,
Juan Nochetto,Juan Nochetto,Juan,Nochetto,-2,Male,
Filiberto,Filiberto,Filiberto,,-2,Male,
Camino Rural Campo Soso,Rural Campo Soso,Rural,Campo,-2,Male,
E. Hudson,E. Hudson,E.,Hudson,-2,Male,
Rafael Obligado,Rafael Obligado,Rafael,Obligado,-2,Male,
Ruben Dario,Ruben Dario,Ruben,Dario,-2,Male,
Miguel de Cervantes,Miguel de Cervantes,Miguel,de,-2,Male,
Esteban Echeverria,Esteban Echeverria,Esteban,Echeverria,-2,Male,
Dante Alighieri,Dante Alighieri,Dante,Alighieri,-2,Male,
Olegario V Andrade,Olegario V Andrade,Olegario,V,-2,Male,
José María Gutierrez,José María Gutierrez,José,María,-2,Male,
Juan Gregorio de Las Heras,Juan Gregorio de Las Heras,Juan,Gregorio,-2,Male,
Melquíades Salvá,Melquíades Salvá,Melquíades,Salvá,-2,Male,
Julián de Leiva,Julián de Leiva,Julián,de,-2,Male,
Ferrán,Ferrán,Ferrán,,-2,Male,
Progreso,Progreso,Progreso,,-2,Male,
Edison,Edison,Edison,,-2,Male,
José Mariano Serrano,José Mariano Serrano,José,Mariano,-2,Male,
Avenida Pedro de Castro Barros,Pedro Castro Barros,Pedro,Castro,-2,Male,
Fernando Gaspary,Fernando Gaspary,Fernando,Gaspary,-2,Male,
Marcelo T. de Alvear,Marcelo T. de Alvear,Marcelo,T.,-2,Male,
Alfredo de Arteaga,Alfredo de Arteaga,Alfredo,de,-2,Male,
Salva,Salva,Salva,,-2,Male,
Marco Polo,Marco Polo,Marco,Polo,-2,Male,
Bulevar San Diego,Bulevar San Diego,Bulevar,San,-2,Male,
Pasaje Fray Justo Santa Maria de Oro,Fray Justo Santa Maria Oro,Fray,Justo,-2,Male,
Avenida Juan Domingo Perón,Juan Domingo Perón,Juan,Domingo,-2,Male,
José Chapo,José Chapo,José,Chapo,-2,Male,
Pasaje Santiago del Estero,Santiago Estero,Santiago,Estero,-2,Male,
Intendente Andreu,Intendente Andreu,Intendente,Andreu,-2,Male,
Pasaje Apolo,Apolo,Apolo,,-2,Male,
Pablo Iglesias,Pablo Iglesias,Pablo,Iglesias,-2,Male,
José Manuel Estrada,José Manuel Estrada,José,Manuel,-2,Male,
Jose Marmol,Jose Marmol,Jose,Marmol,-2,Male,
Pasaje Progreso,Progreso,Progreso,,-2,Male,
Pasaje San Carlos,San Carlos,San,Carlos,-2,Male,
Thomas Edison,Thomas Edison,Thomas,Edison,-2,Male,
Roque Sáenz Peña,Roque Sáenz Peña,Roque,Sáenz,-2,Male,
Paulo VI,Paulo VI,Paulo,VI,-2,Male,
Américo Vespucio,Américo Vespucio,Américo,Vespucio,-2,Male,
Avenida Leandro N. Alem,Leandro N. Alem,Leandro,N.,-2,Male,
San Rafael,San Rafael,San,Rafael,-2,Male,
Intendente M. Bruno,Intendente M. Bruno,Intendente,M.,-2,Male,
Guido Spano,Guido Spano,Guido,Spano,-2,Male,
Bulevar Ingreso Antonio Buey,Bulevar Ingreso Antonio Buey,Bulevar,Ingreso,-2,Male,